final_pred,is_rejected,reject_reasons,effective_score_threshold,threshold_offset,best_label,best_score,second_label,second_score,margin,ranked_classes,neighbors,image_path
__Unknown__,True,['low_score'],0.74,0.0,Adoralle__Adoralle Alimentos Rosquinhas Coco,0.6329025387763977,,,,"[('Adoralle__Adoralle Alimentos Rosquinhas Coco', 0.6329025387763977)]","[{'label': 'Adoralle__Adoralle Alimentos Rosquinhas Coco', 'score': 0.6459766626358032, 'path': 'data/datasetv6_crops\\Adoralle\\Adoralle Alimentos Rosquinhas Coco\\crop_00176_IMG_20260610_111623939_jpg.rf.3ab52977b4bcdded408dd84594455fd0_cls0_obj20.jpg'}, {'label': 'Adoralle__Adoralle Alimentos Rosquinhas Coco', 'score': 0.6367824077606201, 'path': 'data/datasetv6_crops\\Adoralle\\Adoralle Alimentos Rosquinhas Coco\\train_WhatsApp-Image-2026-03-25-at-00-34-17_jpeg.rf.6ee1f01097c360d3605332562fd5c8ae_crop_8.jpg'}, {'label': 'Adoralle__Adoralle Alimentos Rosquinhas Coco', 'score': 0.6334983110427856, 'path': 'data/datasetv6_crops\\Adoralle\\Adoralle Alimentos Rosquinhas Coco\\crop_00180_IMG_20260610_111623939_jpg.rf.3ab52977b4bcdded408dd84594455fd0_cls0_obj24.jpg'}, {'label': 'Adoralle__Adoralle Alimentos Rosquinhas Coco', 'score': 0.6241419911384583, 'path': 'data/datasetv6_crops\\Adoralle\\Adoralle Alimentos Rosquinhas Coco\\crop_00174_IMG_20260610_111623939_jpg.rf.3ab52977b4bcdded408dd84594455fd0_cls0_obj18.jpg'}, {'label': 'Adoralle__Adoralle Alimentos Rosquinhas Coco', 'score': 0.6241133213043213, 'path': 'data/datasetv6_crops\\Adoralle\\Adoralle Alimentos Rosquinhas Coco\\train_IMG_0484-REDACTED_jpeg.rf.8ace1d1de4156ba5b78fb0e1d45bc3c8_crop_22.jpg'}]",data\input_images\image_1\crop_0001_conf_0.98.jpg
__Unknown__,True,['low_score'],0.74,0.0,RANCHEIRO__RANCHEIRO ROSQUINHA DE CHOCOLATE RANCHEIRO,0.6071107983589172,,,,"[('RANCHEIRO__RANCHEIRO ROSQUINHA DE CHOCOLATE RANCHEIRO', 0.6071107983589172)]","[{'label': 'RANCHEIRO__RANCHEIRO ROSQUINHA DE CHOCOLATE RANCHEIRO', 'score': 0.6348119974136353, 'path': 'data/datasetv6_crops\\RANCHEIRO\\RANCHEIRO ROSQUINHA DE CHOCOLATE RANCHEIRO\\crop_00113_IMG_0932_JPG.rf.6b9379287f20aef455e88907324b0998_cls0_obj3.jpg'}, {'label': 'RANCHEIRO__RANCHEIRO ROSQUINHA DE CHOCOLATE RANCHEIRO', 'score': 0.6252894401550293, 'path': 'data/datasetv6_crops\\RANCHEIRO\\RANCHEIRO ROSQUINHA DE CHOCOLATE RANCHEIRO\\crop_00107_IMG_0859_JPG.rf.5aa256f34fff06f3eb25948617337682_cls0_obj1.jpg'}, {'label': 'RANCHEIRO__RANCHEIRO ROSQUINHA DE CHOCOLATE RANCHEIRO', 'score': 0.6063411235809326, 'path': 'data/datasetv6_crops\\RANCHEIRO\\RANCHEIRO ROSQUINHA DE CHOCOLATE RANCHEIRO\\crop_00106_IMG_0859_JPG.rf.5aa256f34fff06f3eb25948617337682_cls0_obj0.jpg'}, {'label': 'RANCHEIRO__RANCHEIRO ROSQUINHA DE CHOCOLATE RANCHEIRO', 'score': 0.5929912328720093, 'path': 'data/datasetv6_crops\\RANCHEIRO\\RANCHEIRO ROSQUINHA DE CHOCOLATE RANCHEIRO\\crop_00112_IMG_0932_JPG.rf.6b9379287f20aef455e88907324b0998_cls0_obj2.jpg'}, {'label': 'RANCHEIRO__RANCHEIRO ROSQUINHA DE CHOCOLATE RANCHEIRO', 'score': 0.5761201977729797, 'path': 'data/datasetv6_crops\\RANCHEIRO\\RANCHEIRO ROSQUINHA DE CHOCOLATE RANCHEIRO\\train_1_jpg.rf.a16f72e270cb47d97c21936e105f48a1_crop_15.jpg'}]",data\input_images\image_1\crop_0002_conf_0.98.jpg
__Unknown__,True,['low_score'],0.74,0.0,RANCHEIRO__RANCHEIRO ROSQUINHA DE CHOCOLATE RANCHEIRO,0.7009747922420502,Adoralle__Adoralle Alimentos Rosquinhas Coco,0.6826838652292887,0.01829092701276147,"[('RANCHEIRO__RANCHEIRO ROSQUINHA DE CHOCOLATE RANCHEIRO', 0.7009747922420502), ('Adoralle__Adoralle Alimentos Rosquinhas Coco', 0.6826838652292887)]","[{'label': 'RANCHEIRO__RANCHEIRO ROSQUINHA DE CHOCOLATE RANCHEIRO', 'score': 0.711752712726593, 'path': 'data/datasetv6_crops\\RANCHEIRO\\RANCHEIRO ROSQUINHA DE CHOCOLATE RANCHEIRO\\crop_00113_IMG_0932_JPG.rf.6b9379287f20aef455e88907324b0998_cls0_obj3.jpg'}, {'label': 'RANCHEIRO__RANCHEIRO ROSQUINHA DE CHOCOLATE RANCHEIRO', 'score': 0.6901968717575073, 'path': 'data/datasetv6_crops\\RANCHEIRO\\RANCHEIRO ROSQUINHA DE CHOCOLATE RANCHEIRO\\crop_00107_IMG_0859_JPG.rf.5aa256f34fff06f3eb25948617337682_cls0_obj1.jpg'}, {'label': 'Adoralle__Adoralle Alimentos Rosquinhas Coco', 'score': 0.6841920614242554, 'path': 'data/datasetv6_crops\\Adoralle\\Adoralle Alimentos Rosquinhas Coco\\crop_00174_IMG_20260610_111623939_jpg.rf.3ab52977b4bcdded408dd84594455fd0_cls0_obj18.jpg'}, {'label': 'Adoralle__Adoralle Alimentos Rosquinhas Coco', 'score': 0.6821428537368774, 'path': 'data/datasetv6_crops\\Adoralle\\Adoralle Alimentos Rosquinhas Coco\\train_IMG_0484-REDACTED_jpeg.rf.8ace1d1de4156ba5b78fb0e1d45bc3c8_crop_9.jpg'}, {'label': 'Adoralle__Adoralle Alimentos Rosquinhas Coco', 'score': 0.6817166805267334, 'path': 'data/datasetv6_crops\\Adoralle\\Adoralle Alimentos Rosquinhas Coco\\crop_00291_Foto-10-06-2026-14-32-49_jpg.rf.c0ad90cfb6158320698c586da01ed36c_cls0_obj12.jpg'}]",data\input_images\image_1\crop_0003_conf_0.98.jpg
Mabel__Mabel Rosquinha Mabel Sabor Banana e Canela,False,[],0.74,0.0,Mabel__Mabel Rosquinha Mabel Sabor Banana e Canela,0.8726140658060709,Mabel__Mabel Rosquinha Mabel Sabor Coco,0.8607821464538574,0.011831919352213505,"[('Mabel__Mabel Rosquinha Mabel Sabor Banana e Canela', 0.8726140658060709), ('Mabel__Mabel Rosquinha Mabel Sabor Coco', 0.8607821464538574)]","[{'label': 'Mabel__Mabel Rosquinha Mabel Sabor Banana e Canela', 'score': 0.8791071176528931, 'path': 'data/datasetv6_crops\\Mabel\\Mabel Rosquinha Mabel Sabor Banana e Canela\\train_IMG_20260326_191019-REDACTED_jpg.rf.f418f9ba031ed8b9ffc19fa5fb7fd663_crop_6.jpg'}, {'label': 'Mabel__Mabel Rosquinha Mabel Sabor Banana e Canela', 'score': 0.8724870085716248, 'path': 'data/datasetv6_crops\\Mabel\\Mabel Rosquinha Mabel Sabor Banana e Canela\\train_IMG_0534-REDACTED_jpeg.rf.140b3850b84cb326577608ba6b531e88_crop_29.jpg'}, {'label': 'Mabel__Mabel Rosquinha Mabel Sabor Banana e Canela', 'score': 0.8662480711936951, 'path': 'data/datasetv6_crops\\Mabel\\Mabel Rosquinha Mabel Sabor Banana e Canela\\train_IMG_2111_jpeg.rf.decffa6396f7c4d02f995d0c382f5699_crop_7.jpg'}, {'label': 'Mabel__Mabel Rosquinha Mabel Sabor Coco', 'score': 0.8630950450897217, 'path': 'data/datasetv6_crops\\Mabel\\Mabel Rosquinha Mabel Sabor Coco\\crop_00167_IMG_20260610_111623939_jpg.rf.3ab52977b4bcdded408dd84594455fd0_cls0_obj11.jpg'}, {'label': 'Mabel__Mabel Rosquinha Mabel Sabor Coco', 'score': 0.8584692478179932, 'path': 'data/datasetv6_crops\\Mabel\\Mabel Rosquinha Mabel Sabor Coco\\crop_00088_IMG_0831_JPG.rf.4e39ef000705ae9f589973a99b200d45_cls0_obj0.jpg'}]",data\input_images\image_1\crop_0004_conf_0.97.jpg
__Unknown__,True,['low_score'],0.74,0.0,Adoralle__Adoralle Alimentos Rosquinhas Coco,0.6118436336517334,,,,"[('Adoralle__Adoralle Alimentos Rosquinhas Coco', 0.6118436336517334)]","[{'label': 'Adoralle__Adoralle Alimentos Rosquinhas Coco', 'score': 0.6312965154647827, 'path': 'data/datasetv6_crops\\Adoralle\\Adoralle Alimentos Rosquinhas Coco\\crop_00176_IMG_20260610_111623939_jpg.rf.3ab52977b4bcdded408dd84594455fd0_cls0_obj20.jpg'}, {'label': 'Adoralle__Adoralle Alimentos Rosquinhas Coco', 'score': 0.6106550097465515, 'path': 'data/datasetv6_crops\\Adoralle\\Adoralle Alimentos Rosquinhas Coco\\crop_00180_IMG_20260610_111623939_jpg.rf.3ab52977b4bcdded408dd84594455fd0_cls0_obj24.jpg'}, {'label': 'Adoralle__Adoralle Alimentos Rosquinhas Coco', 'score': 0.6084893345832825, 'path': 'data/datasetv6_crops\\Adoralle\\Adoralle Alimentos Rosquinhas Coco\\train_IMG_0484-REDACTED_jpeg.rf.8ace1d1de4156ba5b78fb0e1d45bc3c8_crop_22.jpg'}, {'label': 'Adoralle__Adoralle Alimentos Rosquinhas Coco', 'score': 0.6066687107086182, 'path': 'data/datasetv6_crops\\Adoralle\\Adoralle Alimentos Rosquinhas Coco\\crop_00174_IMG_20260610_111623939_jpg.rf.3ab52977b4bcdded408dd84594455fd0_cls0_obj18.jpg'}, {'label': 'Adoralle__Adoralle Alimentos Rosquinhas Coco', 'score': 0.6021085977554321, 'path': 'data/datasetv6_crops\\Adoralle\\Adoralle Alimentos Rosquinhas Coco\\train_WhatsApp-Image-2026-03-25-at-00-34-17_jpeg.rf.6ee1f01097c360d3605332562fd5c8ae_crop_8.jpg'}]",data\input_images\image_1\crop_0005_conf_0.97.jpg
__Unknown__,True,['low_score'],0.74,0.0,Adoralle__Adoralle Alimentos Rosquinhas Coco,0.5838327288627625,,,,"[('Adoralle__Adoralle Alimentos Rosquinhas Coco', 0.5838327288627625)]","[{'label': 'Adoralle__Adoralle Alimentos Rosquinhas Coco', 'score': 0.5930721163749695, 'path': 'data/datasetv6_crops\\Adoralle\\Adoralle Alimentos Rosquinhas Coco\\train_IMG_0484-REDACTED_jpeg.rf.8ace1d1de4156ba5b78fb0e1d45bc3c8_crop_22.jpg'}, {'label': 'Adoralle__Adoralle Alimentos Rosquinhas Coco', 'score': 0.5873920321464539, 'path': 'data/datasetv6_crops\\Adoralle\\Adoralle Alimentos Rosquinhas Coco\\crop_00174_IMG_20260610_111623939_jpg.rf.3ab52977b4bcdded408dd84594455fd0_cls0_obj18.jpg'}, {'label': 'Adoralle__Adoralle Alimentos Rosquinhas Coco', 'score': 0.5821070671081543, 'path': 'data/datasetv6_crops\\Adoralle\\Adoralle Alimentos Rosquinhas Coco\\train_IMG_0484-REDACTED_jpeg.rf.8ace1d1de4156ba5b78fb0e1d45bc3c8_crop_2.jpg'}, {'label': 'Adoralle__Adoralle Alimentos Rosquinhas Coco', 'score': 0.5798868536949158, 'path': 'data/datasetv6_crops\\Adoralle\\Adoralle Alimentos Rosquinhas Coco\\crop_00176_IMG_20260610_111623939_jpg.rf.3ab52977b4bcdded408dd84594455fd0_cls0_obj20.jpg'}, {'label': 'Adoralle__Adoralle Alimentos Rosquinhas Coco', 'score': 0.5767055749893188, 'path': 'data/datasetv6_crops\\Adoralle\\Adoralle Alimentos Rosquinhas Coco\\crop_00180_IMG_20260610_111623939_jpg.rf.3ab52977b4bcdded408dd84594455fd0_cls0_obj24.jpg'}]",data\input_images\image_1\crop_0006_conf_0.97.jpg
__Unknown__,True,['low_score'],0.74,0.0,RANCHEIRO__RANCHEIRO ROSQUINHA DE CHOCOLATE RANCHEIRO,0.650658929347992,,,,"[('RANCHEIRO__RANCHEIRO ROSQUINHA DE CHOCOLATE RANCHEIRO', 0.650658929347992)]","[{'label': 'RANCHEIRO__RANCHEIRO ROSQUINHA DE CHOCOLATE RANCHEIRO', 'score': 0.6700727939605713, 'path': 'data/datasetv6_crops\\RANCHEIRO\\RANCHEIRO ROSQUINHA DE CHOCOLATE RANCHEIRO\\crop_00113_IMG_0932_JPG.rf.6b9379287f20aef455e88907324b0998_cls0_obj3.jpg'}, {'label': 'RANCHEIRO__RANCHEIRO ROSQUINHA DE CHOCOLATE RANCHEIRO', 'score': 0.6689913868904114, 'path': 'data/datasetv6_crops\\RANCHEIRO\\RANCHEIRO ROSQUINHA DE CHOCOLATE RANCHEIRO\\crop_00107_IMG_0859_JPG.rf.5aa256f34fff06f3eb25948617337682_cls0_obj1.jpg'}, {'label': 'RANCHEIRO__RANCHEIRO ROSQUINHA DE CHOCOLATE RANCHEIRO', 'score': 0.6542465686798096, 'path': 'data/datasetv6_crops\\RANCHEIRO\\RANCHEIRO ROSQUINHA DE CHOCOLATE RANCHEIRO\\crop_00106_IMG_0859_JPG.rf.5aa256f34fff06f3eb25948617337682_cls0_obj0.jpg'}, {'label': 'RANCHEIRO__RANCHEIRO ROSQUINHA DE CHOCOLATE RANCHEIRO', 'score': 0.6410619020462036, 'path': 'data/datasetv6_crops\\RANCHEIRO\\RANCHEIRO ROSQUINHA DE CHOCOLATE RANCHEIRO\\crop_00112_IMG_0932_JPG.rf.6b9379287f20aef455e88907324b0998_cls0_obj2.jpg'}, {'label': 'RANCHEIRO__RANCHEIRO ROSQUINHA DE CHOCOLATE RANCHEIRO', 'score': 0.6189219951629639, 'path': 'data/datasetv6_crops\\RANCHEIRO\\RANCHEIRO ROSQUINHA DE CHOCOLATE RANCHEIRO\\train_IMG_2174_jpeg.rf.44f437e7793cd4257e44ac6963886830_crop_15.jpg'}]",data\input_images\image_1\crop_0007_conf_0.97.jpg
Mabel__Mabel Rosquinha Mabel Sabor Coco,False,[],0.68,-0.05999999999999994,Mabel__Mabel Rosquinha Mabel Sabor Coco,0.9263460397720337,,,,"[('Mabel__Mabel Rosquinha Mabel Sabor Coco', 0.9263460397720337)]","[{'label': 'Mabel__Mabel Rosquinha Mabel Sabor Coco', 'score': 0.9627540111541748, 'path': 'data/datasetv6_crops\\Mabel\\Mabel Rosquinha Mabel Sabor Coco\\crop_00093_IMG_0831_JPG.rf.4e39ef000705ae9f589973a99b200d45_cls0_obj5.jpg'}, {'label': 'Mabel__Mabel Rosquinha Mabel Sabor Coco', 'score': 0.9296080470085144, 'path': 'data/datasetv6_crops\\Mabel\\Mabel Rosquinha Mabel Sabor Coco\\crop_00091_IMG_0831_JPG.rf.4e39ef000705ae9f589973a99b200d45_cls0_obj3.jpg'}, {'label': 'Mabel__Mabel Rosquinha Mabel Sabor Coco', 'score': 0.9145652055740356, 'path': 'data/datasetv6_crops\\Mabel\\Mabel Rosquinha Mabel Sabor Coco\\train_IMG_2126_jpeg.rf.e44b339feaf1814e8ff7238fbc31aed4_crop_1.jpg'}, {'label': 'Mabel__Mabel Rosquinha Mabel Sabor Coco', 'score': 0.9145129919052124, 'path': 'data/datasetv6_crops\\Mabel\\Mabel Rosquinha Mabel Sabor Coco\\crop_00092_IMG_0831_JPG.rf.4e39ef000705ae9f589973a99b200d45_cls0_obj4.jpg'}, {'label': 'Mabel__Mabel Rosquinha Mabel Sabor Coco', 'score': 0.9102899432182312, 'path': 'data/datasetv6_crops\\Mabel\\Mabel Rosquinha Mabel Sabor Coco\\crop_00017_IMG_20260610_115355437_jpg.rf.74e628d4b1a310cf28354aaf4f6be1dc_cls0_obj17.jpg'}]",data\input_images\image_1\crop_0008_conf_0.97.jpg
__Unknown__,True,['low_score'],0.74,0.0,RANCHEIRO__RANCHEIRO ROSQUINHA DE CHOCOLATE RANCHEIRO,0.6272470116615295,,,,"[('RANCHEIRO__RANCHEIRO ROSQUINHA DE CHOCOLATE RANCHEIRO', 0.6272470116615295)]","[{'label': 'RANCHEIRO__RANCHEIRO ROSQUINHA DE CHOCOLATE RANCHEIRO', 'score': 0.6492565274238586, 'path': 'data/datasetv6_crops\\RANCHEIRO\\RANCHEIRO ROSQUINHA DE CHOCOLATE RANCHEIRO\\crop_00113_IMG_0932_JPG.rf.6b9379287f20aef455e88907324b0998_cls0_obj3.jpg'}, {'label': 'RANCHEIRO__RANCHEIRO ROSQUINHA DE CHOCOLATE RANCHEIRO', 'score': 0.6433202624320984, 'path': 'data/datasetv6_crops\\RANCHEIRO\\RANCHEIRO ROSQUINHA DE CHOCOLATE RANCHEIRO\\crop_00107_IMG_0859_JPG.rf.5aa256f34fff06f3eb25948617337682_cls0_obj1.jpg'}, {'label': 'RANCHEIRO__RANCHEIRO ROSQUINHA DE CHOCOLATE RANCHEIRO', 'score': 0.6383493542671204, 'path': 'data/datasetv6_crops\\RANCHEIRO\\RANCHEIRO ROSQUINHA DE CHOCOLATE RANCHEIRO\\crop_00106_IMG_0859_JPG.rf.5aa256f34fff06f3eb25948617337682_cls0_obj0.jpg'}, {'label': 'RANCHEIRO__RANCHEIRO ROSQUINHA DE CHOCOLATE RANCHEIRO', 'score': 0.6123641729354858, 'path': 'data/datasetv6_crops\\RANCHEIRO\\RANCHEIRO ROSQUINHA DE CHOCOLATE RANCHEIRO\\crop_00112_IMG_0932_JPG.rf.6b9379287f20aef455e88907324b0998_cls0_obj2.jpg'}, {'label': 'RANCHEIRO__RANCHEIRO ROSQUINHA DE CHOCOLATE RANCHEIRO', 'score': 0.5929447412490845, 'path': 'data/datasetv6_crops\\RANCHEIRO\\RANCHEIRO ROSQUINHA DE CHOCOLATE RANCHEIRO\\train_1_jpg.rf.a16f72e270cb47d97c21936e105f48a1_crop_15.jpg'}]",data\input_images\image_1\crop_0009_conf_0.97.jpg
Mabel__Mabel Rosquinha Mabel Sabor Coco,False,[],0.68,-0.05999999999999994,Mabel__Mabel Rosquinha Mabel Sabor Coco,0.8493047237396241,,,,"[('Mabel__Mabel Rosquinha Mabel Sabor Coco', 0.8493047237396241)]","[{'label': 'Mabel__Mabel Rosquinha Mabel Sabor Coco', 'score': 0.9556377530097961, 'path': 'data/datasetv6_crops\\Mabel\\Mabel Rosquinha Mabel Sabor Coco\\crop_00095_IMG_0831_JPG.rf.4e39ef000705ae9f589973a99b200d45_cls0_obj7.jpg'}, {'label': 'Mabel__Mabel Rosquinha Mabel Sabor Coco', 'score': 0.8321259021759033, 'path': 'data/datasetv6_crops\\Mabel\\Mabel Rosquinha Mabel Sabor Coco\\crop_00161_IMG_20260610_111623939_jpg.rf.3ab52977b4bcdded408dd84594455fd0_cls0_obj5.jpg'}, {'label': 'Mabel__Mabel Rosquinha Mabel Sabor Coco', 'score': 0.8233434557914734, 'path': 'data/datasetv6_crops\\Mabel\\Mabel Rosquinha Mabel Sabor Coco\\crop_00156_IMG_20260610_111623939_jpg.rf.3ab52977b4bcdded408dd84594455fd0_cls0_obj0.jpg'}, {'label': 'Mabel__Mabel Rosquinha Mabel Sabor Coco', 'score': 0.8226274847984314, 'path': 'data/datasetv6_crops\\Mabel\\Mabel Rosquinha Mabel Sabor Coco\\crop_00058_IMG_0888_HEIC.rf.c3a0a7002d6d346f2dba44a26eb9d1e4_cls0_obj5.jpg'}, {'label': 'Mabel__Mabel Rosquinha Mabel Sabor Coco', 'score': 0.8127890229225159, 'path': 'data/datasetv6_crops\\Mabel\\Mabel Rosquinha Mabel Sabor Coco\\crop_00018_IMG_20260610_115355437_jpg.rf.74e628d4b1a310cf28354aaf4f6be1dc_cls0_obj18.jpg'}]",data\input_images\image_1\crop_0010_conf_0.97.jpg
Mabel__Mabel Rosquinha Mabel Sabor Coco,False,[],0.68,-0.05999999999999994,Mabel__Mabel Rosquinha Mabel Sabor Coco,0.9255802512168885,,,,"[('Mabel__Mabel Rosquinha Mabel Sabor Coco', 0.9255802512168885)]","[{'label': 'Mabel__Mabel Rosquinha Mabel Sabor Coco', 'score': 0.9577122926712036, 'path': 'data/datasetv6_crops\\Mabel\\Mabel Rosquinha Mabel Sabor Coco\\crop_00096_IMG_0831_JPG.rf.4e39ef000705ae9f589973a99b200d45_cls0_obj8.jpg'}, {'label': 'Mabel__Mabel Rosquinha Mabel Sabor Coco', 'score': 0.9267441034317017, 'path': 'data/datasetv6_crops\\Mabel\\Mabel Rosquinha Mabel Sabor Coco\\crop_00093_IMG_0831_JPG.rf.4e39ef000705ae9f589973a99b200d45_cls0_obj5.jpg'}, {'label': 'Mabel__Mabel Rosquinha Mabel Sabor Coco', 'score': 0.9261488318443298, 'path': 'data/datasetv6_crops\\Mabel\\Mabel Rosquinha Mabel Sabor Coco\\crop_00091_IMG_0831_JPG.rf.4e39ef000705ae9f589973a99b200d45_cls0_obj3.jpg'}, {'label': 'Mabel__Mabel Rosquinha Mabel Sabor Coco', 'score': 0.9145182371139526, 'path': 'data/datasetv6_crops\\Mabel\\Mabel Rosquinha Mabel Sabor Coco\\crop_00092_IMG_0831_JPG.rf.4e39ef000705ae9f589973a99b200d45_cls0_obj4.jpg'}, {'label': 'Mabel__Mabel Rosquinha Mabel Sabor Coco', 'score': 0.9027777910232544, 'path': 'data/datasetv6_crops\\Mabel\\Mabel Rosquinha Mabel Sabor Coco\\crop_00018_IMG_20260610_115355437_jpg.rf.74e628d4b1a310cf28354aaf4f6be1dc_cls0_obj18.jpg'}]",data\input_images\image_1\crop_0011_conf_0.97.jpg
__Unknown__,True,['low_score'],0.74,0.0,Adoralle__Adoralle Alimentos Rosquinhas Coco,0.6187939524650574,,,,"[('Adoralle__Adoralle Alimentos Rosquinhas Coco', 0.6187939524650574)]","[{'label': 'Adoralle__Adoralle Alimentos Rosquinhas Coco', 'score': 0.6282598376274109, 'path': 'data/datasetv6_crops\\Adoralle\\Adoralle Alimentos Rosquinhas Coco\\crop_00176_IMG_20260610_111623939_jpg.rf.3ab52977b4bcdded408dd84594455fd0_cls0_obj20.jpg'}, {'label': 'Adoralle__Adoralle Alimentos Rosquinhas Coco', 'score': 0.626512885093689, 'path': 'data/datasetv6_crops\\Adoralle\\Adoralle Alimentos Rosquinhas Coco\\crop_00180_IMG_20260610_111623939_jpg.rf.3ab52977b4bcdded408dd84594455fd0_cls0_obj24.jpg'}, {'label': 'Adoralle__Adoralle Alimentos Rosquinhas Coco', 'score': 0.6252948641777039, 'path': 'data/datasetv6_crops\\Adoralle\\Adoralle Alimentos Rosquinhas Coco\\train_IMG_0484-REDACTED_jpeg.rf.8ace1d1de4156ba5b78fb0e1d45bc3c8_crop_22.jpg'}, {'label': 'Adoralle__Adoralle Alimentos Rosquinhas Coco', 'score': 0.6127261519432068, 'path': 'data/datasetv6_crops\\Adoralle\\Adoralle Alimentos Rosquinhas Coco\\train_WhatsApp-Image-2026-03-25-at-00-34-17_jpeg.rf.6ee1f01097c360d3605332562fd5c8ae_crop_8.jpg'}, {'label': 'Adoralle__Adoralle Alimentos Rosquinhas Coco', 'score': 0.6011760234832764, 'path': 'data/datasetv6_crops\\Adoralle\\Adoralle Alimentos Rosquinhas Coco\\crop_00174_IMG_20260610_111623939_jpg.rf.3ab52977b4bcdded408dd84594455fd0_cls0_obj18.jpg'}]",data\input_images\image_1\crop_0012_conf_0.97.jpg
Mabel__Mabel Rosquinha Mabel Sabor Coco,False,[],0.68,-0.05999999999999994,Mabel__Mabel Rosquinha Mabel Sabor Coco,0.9193716168403625,,,,"[('Mabel__Mabel Rosquinha Mabel Sabor Coco', 0.9193716168403625)]","[{'label': 'Mabel__Mabel Rosquinha Mabel Sabor Coco', 'score': 0.9560678005218506, 'path': 'data/datasetv6_crops\\Mabel\\Mabel Rosquinha Mabel Sabor Coco\\crop_00092_IMG_0831_JPG.rf.4e39ef000705ae9f589973a99b200d45_cls0_obj4.jpg'}, {'label': 'Mabel__Mabel Rosquinha Mabel Sabor Coco', 'score': 0.9187548160552979, 'path': 'data/datasetv6_crops\\Mabel\\Mabel Rosquinha Mabel Sabor Coco\\crop_00091_IMG_0831_JPG.rf.4e39ef000705ae9f589973a99b200d45_cls0_obj3.jpg'}, {'label': 'Mabel__Mabel Rosquinha Mabel Sabor Coco', 'score': 0.9178739190101624, 'path': 'data/datasetv6_crops\\Mabel\\Mabel Rosquinha Mabel Sabor Coco\\crop_00093_IMG_0831_JPG.rf.4e39ef000705ae9f589973a99b200d45_cls0_obj5.jpg'}, {'label': 'Mabel__Mabel Rosquinha Mabel Sabor Coco', 'score': 0.9121718406677246, 'path': 'data/datasetv6_crops\\Mabel\\Mabel Rosquinha Mabel Sabor Coco\\crop_00090_IMG_0831_JPG.rf.4e39ef000705ae9f589973a99b200d45_cls0_obj2.jpg'}, {'label': 'Mabel__Mabel Rosquinha Mabel Sabor Coco', 'score': 0.8919897079467773, 'path': 'data/datasetv6_crops\\Mabel\\Mabel Rosquinha Mabel Sabor Coco\\train_IMG_2126_jpeg.rf.e44b339feaf1814e8ff7238fbc31aed4_crop_1.jpg'}]",data\input_images\image_1\crop_0013_conf_0.97.jpg
__Unknown__,True,['low_score'],0.74,0.0,Mabel__Mabel Rosquinha Mabel Sabor Leite,0.5395193248987198,Adoralle__Adoralle Alimentos Rosquinhas Coco,0.5343945622444153,0.005124762654304504,"[('Mabel__Mabel Rosquinha Mabel Sabor Leite', 0.5395193248987198), ('Adoralle__Adoralle Alimentos Rosquinhas Coco', 0.5343945622444153)]","[{'label': 'Mabel__Mabel Rosquinha Mabel Sabor Leite', 'score': 0.5438305139541626, 'path': 'data/datasetv6_crops\\Mabel\\Mabel Rosquinha Mabel Sabor Leite\\crop_00159_IMG_20260610_111623939_jpg.rf.3ab52977b4bcdded408dd84594455fd0_cls0_obj3.jpg'}, {'label': 'Mabel__Mabel Rosquinha Mabel Sabor Leite', 'score': 0.5390070676803589, 'path': 'data/datasetv6_crops\\Mabel\\Mabel Rosquinha Mabel Sabor Leite\\train_IMG_20260309_202019379-REDACTED_jpg.rf.9ff6e869b2dae1bbd6112a80fb7952b2_crop_23.jpg'}, {'label': 'Mabel__Mabel Rosquinha Mabel Sabor Leite', 'score': 0.538537323474884, 'path': 'data/datasetv6_crops\\Mabel\\Mabel Rosquinha Mabel Sabor Leite\\IMG_20260524_202628297-REDACTED_jpg.rf.7eda9b54883b50d99368bf1b62e230ce_crop1.jpg'}, {'label': 'Mabel__Mabel Rosquinha Mabel Sabor Leite', 'score': 0.5367023944854736, 'path': 'data/datasetv6_crops\\Mabel\\Mabel Rosquinha Mabel Sabor Leite\\train_90_jpg.rf.f32ade75a98ac10b7a039213fac59526_crop_9.jpg'}, {'label': 'Adoralle__Adoralle Alimentos Rosquinhas Coco', 'score': 0.5343945622444153, 'path': 'data/datasetv6_crops\\Adoralle\\Adoralle Alimentos Rosquinhas Coco\\train_WhatsApp-Image-2026-03-25-at-00-34-17_jpeg.rf.6ee1f01097c360d3605332562fd5c8ae_crop_62.jpg'}]",data\input_images\image_1\crop_0014_conf_0.97.jpg
__Unknown__,True,['low_score'],0.68,-0.05999999999999994,Mabel__Mabel Rosquinha Mabel Sabor Coco,0.6275502443313599,Adoralle__Adoralle Alimentos Rosquinhas Coco,0.6266073286533356,0.000942915678024292,"[('Mabel__Mabel Rosquinha Mabel Sabor Coco', 0.6275502443313599), ('Adoralle__Adoralle Alimentos Rosquinhas Coco', 0.6266073286533356), ('RANCHEIRO__RANCHEIRO BISCOITO MARIA RANCHEIRO', 0.623523473739624), ('RANCHEIRO__RANCHEIRO ROSQUINHA DE COCO RANCHEIRO', 0.6129022836685181)]","[{'label': 'Adoralle__Adoralle Alimentos Rosquinhas Coco', 'score': 0.6358321309089661, 'path': 'data/datasetv6_crops\\Adoralle\\Adoralle Alimentos Rosquinhas Coco\\crop_00176_IMG_20260610_111623939_jpg.rf.3ab52977b4bcdded408dd84594455fd0_cls0_obj20.jpg'}, {'label': 'Mabel__Mabel Rosquinha Mabel Sabor Coco', 'score': 0.6275502443313599, 'path': 'data/datasetv6_crops\\Mabel\\Mabel Rosquinha Mabel Sabor Coco\\crop_00026_IMG_20260610_115355437_jpg.rf.74e628d4b1a310cf28354aaf4f6be1dc_cls0_obj26.jpg'}, {'label': 'RANCHEIRO__RANCHEIRO BISCOITO MARIA RANCHEIRO', 'score': 0.623523473739624, 'path': 'data/datasetv6_crops\\RANCHEIRO\\RANCHEIRO BISCOITO MARIA RANCHEIRO\\crop_00058_IMG_2581_JPG.rf.8a9bc879d25f4be9352a8f21ec0b81c0_cls0_obj12.jpg'}, {'label': 'Adoralle__Adoralle Alimentos Rosquinhas Coco', 'score': 0.6173825263977051, 'path': 'data/datasetv6_crops\\Adoralle\\Adoralle Alimentos Rosquinhas Coco\\crop_00182_IMG_20260610_111623939_jpg.rf.3ab52977b4bcdded408dd84594455fd0_cls0_obj26.jpg'}, {'label': 'RANCHEIRO__RANCHEIRO ROSQUINHA DE COCO RANCHEIRO', 'score': 0.6129022836685181, 'path': 'data/datasetv6_crops\\RANCHEIRO\\RANCHEIRO ROSQUINHA DE COCO RANCHEIRO\\train_IMG_0526-REDACTED_jpeg.rf.2acdd7c1612408bdb7f538f8c1c44685_crop_22.jpg'}]",data\input_images\image_1\crop_0015_conf_0.97.jpg
__Unknown__,True,['low_score'],0.74,0.0,RANCHEIRO__RANCHEIRO COOKIES RANCHEIRO,0.62650465965271,RANCHEIRO__RANCHEIRO BISCOITO MARIA RANCHEIRO,0.5999304453531901,0.026574214299519894,"[('RANCHEIRO__RANCHEIRO COOKIES RANCHEIRO', 0.62650465965271), ('RANCHEIRO__RANCHEIRO BISCOITO MARIA RANCHEIRO', 0.5999304453531901), ('RANCHEIRO__RANCHEIRO WAFER RANCHEIRO MORANGO', 0.5975198745727539)]","[{'label': 'RANCHEIRO__RANCHEIRO COOKIES RANCHEIRO', 'score': 0.62650465965271, 'path': 'data/datasetv6_crops\\RANCHEIRO\\RANCHEIRO COOKIES RANCHEIRO\\train_75_jpg.rf.ad7c2ed7dfabe6a0d39a699777d2794a_crop_18.jpg'}, {'label': 'RANCHEIRO__RANCHEIRO BISCOITO MARIA RANCHEIRO', 'score': 0.6021435260772705, 'path': 'data/datasetv6_crops\\RANCHEIRO\\RANCHEIRO BISCOITO MARIA RANCHEIRO\\crop_00272_Foto-10-06-2026-10-13-20_jpg.rf.953202a27b8846a4e150790fc429df1b_cls0_obj2.jpg'}, {'label': 'RANCHEIRO__RANCHEIRO BISCOITO MARIA RANCHEIRO', 'score': 0.5998625755310059, 'path': 'data/datasetv6_crops\\RANCHEIRO\\RANCHEIRO BISCOITO MARIA RANCHEIRO\\crop_00270_Foto-10-06-2026-10-13-20_jpg.rf.953202a27b8846a4e150790fc429df1b_cls0_obj0.jpg'}, {'label': 'RANCHEIRO__RANCHEIRO BISCOITO MARIA RANCHEIRO', 'score': 0.597785234451294, 'path': 'data/datasetv6_crops\\RANCHEIRO\\RANCHEIRO BISCOITO MARIA RANCHEIRO\\train_IMG_20260309_195139335-REDACTED_jpg.rf.6bd3a6351f3a38a3d62ce5c3b9f1133c_crop_87.jpg'}, {'label': 'RANCHEIRO__RANCHEIRO WAFER RANCHEIRO MORANGO', 'score': 0.5975198745727539, 'path': 'data/datasetv6_crops\\RANCHEIRO\\RANCHEIRO WAFER RANCHEIRO MORANGO\\train_IMG_2107_jpeg.rf.9cf47f6913f97a347edbcfe5fef9025d_crop_26.jpg'}]",data\input_images\image_1\crop_0016_conf_0.97.jpg
Mabel__Mabel Rosquinha Mabel Sabor Coco,False,[],0.68,-0.05999999999999994,Mabel__Mabel Rosquinha Mabel Sabor Coco,0.9192237377166748,,,,"[('Mabel__Mabel Rosquinha Mabel Sabor Coco', 0.9192237377166748)]","[{'label': 'Mabel__Mabel Rosquinha Mabel Sabor Coco', 'score': 0.9484220743179321, 'path': 'data/datasetv6_crops\\Mabel\\Mabel Rosquinha Mabel Sabor Coco\\crop_00090_IMG_0831_JPG.rf.4e39ef000705ae9f589973a99b200d45_cls0_obj2.jpg'}, {'label': 'Mabel__Mabel Rosquinha Mabel Sabor Coco', 'score': 0.9214967489242554, 'path': 'data/datasetv6_crops\\Mabel\\Mabel Rosquinha Mabel Sabor Coco\\crop_00091_IMG_0831_JPG.rf.4e39ef000705ae9f589973a99b200d45_cls0_obj3.jpg'}, {'label': 'Mabel__Mabel Rosquinha Mabel Sabor Coco', 'score': 0.9126731157302856, 'path': 'data/datasetv6_crops\\Mabel\\Mabel Rosquinha Mabel Sabor Coco\\crop_00017_Foto-09-06-2026-15-33-52_jpg.rf.05ac65444e7b77c823509a634fdc1cab_cls0_obj17.jpg'}, {'label': 'Mabel__Mabel Rosquinha Mabel Sabor Coco', 'score': 0.9076420068740845, 'path': 'data/datasetv6_crops\\Mabel\\Mabel Rosquinha Mabel Sabor Coco\\crop_00092_IMG_0831_JPG.rf.4e39ef000705ae9f589973a99b200d45_cls0_obj4.jpg'}, {'label': 'Mabel__Mabel Rosquinha Mabel Sabor Coco', 'score': 0.9058847427368164, 'path': 'data/datasetv6_crops\\Mabel\\Mabel Rosquinha Mabel Sabor Coco\\crop_00093_IMG_0831_JPG.rf.4e39ef000705ae9f589973a99b200d45_cls0_obj5.jpg'}]",data\input_images\image_1\crop_0017_conf_0.97.jpg
Mabel__Mabel Rosquinha Mabel Sabor Coco,False,[],0.68,-0.05999999999999994,Mabel__Mabel Rosquinha Mabel Sabor Coco,0.89753338098526,,,,"[('Mabel__Mabel Rosquinha Mabel Sabor Coco', 0.89753338098526)]","[{'label': 'Mabel__Mabel Rosquinha Mabel Sabor Coco', 'score': 0.9480080604553223, 'path': 'data/datasetv6_crops\\Mabel\\Mabel Rosquinha Mabel Sabor Coco\\crop_00088_IMG_0831_JPG.rf.4e39ef000705ae9f589973a99b200d45_cls0_obj0.jpg'}, {'label': 'Mabel__Mabel Rosquinha Mabel Sabor Coco', 'score': 0.9087531566619873, 'path': 'data/datasetv6_crops\\Mabel\\Mabel Rosquinha Mabel Sabor Coco\\crop_00093_IMG_0831_JPG.rf.4e39ef000705ae9f589973a99b200d45_cls0_obj5.jpg'}, {'label': 'Mabel__Mabel Rosquinha Mabel Sabor Coco', 'score': 0.8818303346633911, 'path': 'data/datasetv6_crops\\Mabel\\Mabel Rosquinha Mabel Sabor Coco\\crop_00019_Foto-09-06-2026-15-33-52_jpg.rf.05ac65444e7b77c823509a634fdc1cab_cls0_obj19.jpg'}, {'label': 'Mabel__Mabel Rosquinha Mabel Sabor Coco', 'score': 0.8746026754379272, 'path': 'data/datasetv6_crops\\Mabel\\Mabel Rosquinha Mabel Sabor Coco\\crop_00197_IMG_20260610_171200727_jpg.rf.179b647686a10320feb70c55b6e0d4ba_cls0_obj12.jpg'}, {'label': 'Mabel__Mabel Rosquinha Mabel Sabor Coco', 'score': 0.8744726777076721, 'path': 'data/datasetv6_crops\\Mabel\\Mabel Rosquinha Mabel Sabor Coco\\crop_00071_IMG_0888_HEIC.rf.c3a0a7002d6d346f2dba44a26eb9d1e4_cls0_obj18.jpg'}]",data\input_images\image_1\crop_0018_conf_0.97.jpg
__Unknown__,True,['low_score'],0.74,0.0,RANCHEIRO__RANCHEIRO ROSQUINHA DE CHOCOLATE RANCHEIRO,0.6875550746917725,Adoralle__Adoralle Alimentos Rosquinhas Coco,0.6804804056882858,0.007074669003486633,"[('RANCHEIRO__RANCHEIRO ROSQUINHA DE CHOCOLATE RANCHEIRO', 0.6875550746917725), ('Adoralle__Adoralle Alimentos Rosquinhas Coco', 0.6804804056882858)]","[{'label': 'Adoralle__Adoralle Alimentos Rosquinhas Coco', 'score': 0.7006421685218811, 'path': 'data/datasetv6_crops\\Adoralle\\Adoralle Alimentos Rosquinhas Coco\\crop_00174_IMG_20260610_111623939_jpg.rf.3ab52977b4bcdded408dd84594455fd0_cls0_obj18.jpg'}, {'label': 'RANCHEIRO__RANCHEIRO ROSQUINHA DE CHOCOLATE RANCHEIRO', 'score': 0.6875550746917725, 'path': 'data/datasetv6_crops\\RANCHEIRO\\RANCHEIRO ROSQUINHA DE CHOCOLATE RANCHEIRO\\crop_00113_IMG_0932_JPG.rf.6b9379287f20aef455e88907324b0998_cls0_obj3.jpg'}, {'label': 'Adoralle__Adoralle Alimentos Rosquinhas Coco', 'score': 0.680082380771637, 'path': 'data/datasetv6_crops\\Adoralle\\Adoralle Alimentos Rosquinhas Coco\\train_IMG_0484-REDACTED_jpeg.rf.8ace1d1de4156ba5b78fb0e1d45bc3c8_crop_9.jpg'}, {'label': 'Adoralle__Adoralle Alimentos Rosquinhas Coco', 'score': 0.6733766794204712, 'path': 'data/datasetv6_crops\\Adoralle\\Adoralle Alimentos Rosquinhas Coco\\crop_00180_IMG_20260610_111623939_jpg.rf.3ab52977b4bcdded408dd84594455fd0_cls0_obj24.jpg'}, {'label': 'Adoralle__Adoralle Alimentos Rosquinhas Coco', 'score': 0.667820394039154, 'path': 'data/datasetv6_crops\\Adoralle\\Adoralle Alimentos Rosquinhas Coco\\train_IMG_0484-REDACTED_jpeg.rf.8ace1d1de4156ba5b78fb0e1d45bc3c8_crop_22.jpg'}]",data\input_images\image_1\crop_0019_conf_0.97.jpg
__Unknown__,True,['low_score'],0.74,0.0,Mabel__Mabel Amanteigado Mabel Sabor Chocolate,0.5877008587121964,RANCHEIRO__RANCHEIRO ROSQUINHA DE CHOCOLATE RANCHEIRO,0.5811517834663391,0.006549075245857239,"[('Mabel__Mabel Amanteigado Mabel Sabor Chocolate', 0.5877008587121964), ('RANCHEIRO__RANCHEIRO ROSQUINHA DE CHOCOLATE RANCHEIRO', 0.5811517834663391)]","[{'label': 'Mabel__Mabel Amanteigado Mabel Sabor Chocolate', 'score': 0.5899677276611328, 'path': 'data/datasetv6_crops\\Mabel\\Mabel Amanteigado Mabel Sabor Chocolate\\crop_00030_IMG_20260610_115255641_jpg.rf.49b35e26cf51aee24f46f834d0a99c66_cls0_obj1.jpg'}, {'label': 'Mabel__Mabel Amanteigado Mabel Sabor Chocolate', 'score': 0.5895158052444458, 'path': 'data/datasetv6_crops\\Mabel\\Mabel Amanteigado Mabel Sabor Chocolate\\crop_00037_IMG_20260610_115255641_jpg.rf.49b35e26cf51aee24f46f834d0a99c66_cls0_obj8.jpg'}, {'label': 'Mabel__Mabel Amanteigado Mabel Sabor Chocolate', 'score': 0.5879296064376831, 'path': 'data/datasetv6_crops\\Mabel\\Mabel Amanteigado Mabel Sabor Chocolate\\crop_00033_IMG_20260610_115255641_jpg.rf.49b35e26cf51aee24f46f834d0a99c66_cls0_obj4.jpg'}, {'label': 'Mabel__Mabel Amanteigado Mabel Sabor Chocolate', 'score': 0.5833902955055237, 'path': 'data/datasetv6_crops\\Mabel\\Mabel Amanteigado Mabel Sabor Chocolate\\crop_00036_IMG_20260610_115255641_jpg.rf.49b35e26cf51aee24f46f834d0a99c66_cls0_obj7.jpg'}, {'label': 'RANCHEIRO__RANCHEIRO ROSQUINHA DE CHOCOLATE RANCHEIRO', 'score': 0.5811517834663391, 'path': 'data/datasetv6_crops\\RANCHEIRO\\RANCHEIRO ROSQUINHA DE CHOCOLATE RANCHEIRO\\crop_00113_IMG_0932_JPG.rf.6b9379287f20aef455e88907324b0998_cls0_obj3.jpg'}]",data\input_images\image_1\crop_0020_conf_0.97.jpg
Mabel__Mabel Rosquinha Mabel Sabor Coco,False,[],0.68,-0.05999999999999994,Mabel__Mabel Rosquinha Mabel Sabor Coco,0.8871982395648956,Mabel__Mabel Rosquinha Mabel Sabor Banana e Canela,0.8315306901931763,0.05566754937171936,"[('Mabel__Mabel Rosquinha Mabel Sabor Coco', 0.8871982395648956), ('Mabel__Mabel Rosquinha Mabel Sabor Banana e Canela', 0.8315306901931763)]","[{'label': 'Mabel__Mabel Rosquinha Mabel Sabor Coco', 'score': 0.9588886499404907, 'path': 'data/datasetv6_crops\\Mabel\\Mabel Rosquinha Mabel Sabor Coco\\crop_00089_IMG_0831_JPG.rf.4e39ef000705ae9f589973a99b200d45_cls0_obj1.jpg'}, {'label': 'Mabel__Mabel Rosquinha Mabel Sabor Coco', 'score': 0.8749241828918457, 'path': 'data/datasetv6_crops\\Mabel\\Mabel Rosquinha Mabel Sabor Coco\\train_IMG_20260322_170850-REDACTED_jpg.rf.938ef14d6c1140f70014bb47b18c8af5_crop_6.jpg'}, {'label': 'Mabel__Mabel Rosquinha Mabel Sabor Coco', 'score': 0.8720520734786987, 'path': 'data/datasetv6_crops\\Mabel\\Mabel Rosquinha Mabel Sabor Coco\\train_IMG_20260322_170907-REDACTED_jpg.rf.6360c3c6791d881b838bdf24e558399a_crop_3.jpg'}, {'label': 'Mabel__Mabel Rosquinha Mabel Sabor Coco', 'score': 0.8429280519485474, 'path': 'data/datasetv6_crops\\Mabel\\Mabel Rosquinha Mabel Sabor Coco\\train_IMG_5235-REDACTED-1-_jpeg.rf.a6a764d9edac7dabaac1c1d40edaf0dd_obj8.jpg'}, {'label': 'Mabel__Mabel Rosquinha Mabel Sabor Banana e Canela', 'score': 0.8315306901931763, 'path': 'data/datasetv6_crops\\Mabel\\Mabel Rosquinha Mabel Sabor Banana e Canela\\crop_00102_IMG_0831_JPG.rf.4e39ef000705ae9f589973a99b200d45_cls0_obj14.jpg'}]",data\input_images\image_1\crop_0021_conf_0.97.jpg
__Unknown__,True,['low_score'],0.74,0.0,RANCHEIRO__RANCHEIRO ROSQUINHA DE CHOCOLATE RANCHEIRO,0.6948572993278503,Adoralle__Adoralle Alimentos Rosquinhas Coco,0.6759221255779266,0.018935173749923706,"[('RANCHEIRO__RANCHEIRO ROSQUINHA DE CHOCOLATE RANCHEIRO', 0.6948572993278503), ('Adoralle__Adoralle Alimentos Rosquinhas Coco', 0.6759221255779266)]","[{'label': 'RANCHEIRO__RANCHEIRO ROSQUINHA DE CHOCOLATE RANCHEIRO', 'score': 0.6948572993278503, 'path': 'data/datasetv6_crops\\RANCHEIRO\\RANCHEIRO ROSQUINHA DE CHOCOLATE RANCHEIRO\\crop_00113_IMG_0932_JPG.rf.6b9379287f20aef455e88907324b0998_cls0_obj3.jpg'}, {'label': 'Adoralle__Adoralle Alimentos Rosquinhas Coco', 'score': 0.6812425851821899, 'path': 'data/datasetv6_crops\\Adoralle\\Adoralle Alimentos Rosquinhas Coco\\crop_00180_IMG_20260610_111623939_jpg.rf.3ab52977b4bcdded408dd84594455fd0_cls0_obj24.jpg'}, {'label': 'Adoralle__Adoralle Alimentos Rosquinhas Coco', 'score': 0.680461585521698, 'path': 'data/datasetv6_crops\\Adoralle\\Adoralle Alimentos Rosquinhas Coco\\crop_00174_IMG_20260610_111623939_jpg.rf.3ab52977b4bcdded408dd84594455fd0_cls0_obj18.jpg'}, {'label': 'Adoralle__Adoralle Alimentos Rosquinhas Coco', 'score': 0.6713884472846985, 'path': 'data/datasetv6_crops\\Adoralle\\Adoralle Alimentos Rosquinhas Coco\\train_IMG_0484-REDACTED_jpeg.rf.8ace1d1de4156ba5b78fb0e1d45bc3c8_crop_9.jpg'}, {'label': 'Adoralle__Adoralle Alimentos Rosquinhas Coco', 'score': 0.6705958843231201, 'path': 'data/datasetv6_crops\\Adoralle\\Adoralle Alimentos Rosquinhas Coco\\crop_00176_IMG_20260610_111623939_jpg.rf.3ab52977b4bcdded408dd84594455fd0_cls0_obj20.jpg'}]",data\input_images\image_1\crop_0022_conf_0.97.jpg
__Unknown__,True,['low_score'],0.74,0.0,RANCHEIRO__RANCHEIRO ROSQUINHA DE CHOCOLATE RANCHEIRO,0.6288735151290894,,,,"[('RANCHEIRO__RANCHEIRO ROSQUINHA DE CHOCOLATE RANCHEIRO', 0.6288735151290894)]","[{'label': 'RANCHEIRO__RANCHEIRO ROSQUINHA DE CHOCOLATE RANCHEIRO', 'score': 0.6565911769866943, 'path': 'data/datasetv6_crops\\RANCHEIRO\\RANCHEIRO ROSQUINHA DE CHOCOLATE RANCHEIRO\\crop_00113_IMG_0932_JPG.rf.6b9379287f20aef455e88907324b0998_cls0_obj3.jpg'}, {'label': 'RANCHEIRO__RANCHEIRO ROSQUINHA DE CHOCOLATE RANCHEIRO', 'score': 0.6535853147506714, 'path': 'data/datasetv6_crops\\RANCHEIRO\\RANCHEIRO ROSQUINHA DE CHOCOLATE RANCHEIRO\\crop_00107_IMG_0859_JPG.rf.5aa256f34fff06f3eb25948617337682_cls0_obj1.jpg'}, {'label': 'RANCHEIRO__RANCHEIRO ROSQUINHA DE CHOCOLATE RANCHEIRO', 'score': 0.6267693638801575, 'path': 'data/datasetv6_crops\\RANCHEIRO\\RANCHEIRO ROSQUINHA DE CHOCOLATE RANCHEIRO\\crop_00106_IMG_0859_JPG.rf.5aa256f34fff06f3eb25948617337682_cls0_obj0.jpg'}, {'label': 'RANCHEIRO__RANCHEIRO ROSQUINHA DE CHOCOLATE RANCHEIRO', 'score': 0.6092290878295898, 'path': 'data/datasetv6_crops\\RANCHEIRO\\RANCHEIRO ROSQUINHA DE CHOCOLATE RANCHEIRO\\crop_00112_IMG_0932_JPG.rf.6b9379287f20aef455e88907324b0998_cls0_obj2.jpg'}, {'label': 'RANCHEIRO__RANCHEIRO ROSQUINHA DE CHOCOLATE RANCHEIRO', 'score': 0.5981926321983337, 'path': 'data/datasetv6_crops\\RANCHEIRO\\RANCHEIRO ROSQUINHA DE CHOCOLATE RANCHEIRO\\train_1_jpg.rf.a16f72e270cb47d97c21936e105f48a1_crop_15.jpg'}]",data\input_images\image_1\crop_0023_conf_0.97.jpg
__Unknown__,True,['low_score'],0.74,0.0,Mabel__Mabel Rosquinha Mabel Sabor Leite,0.6238287091255188,Adoralle__Adoralle Alimentos Rosquinhas Coco,0.6144140561421713,0.009414652983347538,"[('Mabel__Mabel Rosquinha Mabel Sabor Leite', 0.6238287091255188), ('Adoralle__Adoralle Alimentos Rosquinhas Coco', 0.6144140561421713)]","[{'label': 'Mabel__Mabel Rosquinha Mabel Sabor Leite', 'score': 0.6305290460586548, 'path': 'data/datasetv6_crops\\Mabel\\Mabel Rosquinha Mabel Sabor Leite\\IMG_20260524_202628297-REDACTED_jpg.rf.7eda9b54883b50d99368bf1b62e230ce_crop1.jpg'}, {'label': 'Adoralle__Adoralle Alimentos Rosquinhas Coco', 'score': 0.6175287961959839, 'path': 'data/datasetv6_crops\\Adoralle\\Adoralle Alimentos Rosquinhas Coco\\train_IMG_0484-REDACTED_jpeg.rf.8ace1d1de4156ba5b78fb0e1d45bc3c8_crop_2.jpg'}, {'label': 'Mabel__Mabel Rosquinha Mabel Sabor Leite', 'score': 0.6171283721923828, 'path': 'data/datasetv6_crops\\Mabel\\Mabel Rosquinha Mabel Sabor Leite\\train_90_jpg.rf.f32ade75a98ac10b7a039213fac59526_crop_9.jpg'}, {'label': 'Adoralle__Adoralle Alimentos Rosquinhas Coco', 'score': 0.613440752029419, 'path': 'data/datasetv6_crops\\Adoralle\\Adoralle Alimentos Rosquinhas Coco\\train_IMG_0484-REDACTED_jpeg.rf.8ace1d1de4156ba5b78fb0e1d45bc3c8_crop_22.jpg'}, {'label': 'Adoralle__Adoralle Alimentos Rosquinhas Coco', 'score': 0.6122726202011108, 'path': 'data/datasetv6_crops\\Adoralle\\Adoralle Alimentos Rosquinhas Coco\\crop_00296_Foto-10-06-2026-14-32-49_jpg.rf.c0ad90cfb6158320698c586da01ed36c_cls0_obj17.jpg'}]",data\input_images\image_1\crop_0024_conf_0.97.jpg
__Unknown__,True,['low_score'],0.74,0.0,Adoralle__Adoralle Alimentos Rosquinhas Coco,0.6747338622808456,RANCHEIRO__RANCHEIRO ROSQUINHA DE CHOCOLATE RANCHEIRO,0.6733043193817139,0.001429542899131775,"[('Adoralle__Adoralle Alimentos Rosquinhas Coco', 0.6747338622808456), ('RANCHEIRO__RANCHEIRO ROSQUINHA DE CHOCOLATE RANCHEIRO', 0.6733043193817139)]","[{'label': 'Adoralle__Adoralle Alimentos Rosquinhas Coco', 'score': 0.6788715124130249, 'path': 'data/datasetv6_crops\\Adoralle\\Adoralle Alimentos Rosquinhas Coco\\crop_00174_IMG_20260610_111623939_jpg.rf.3ab52977b4bcdded408dd84594455fd0_cls0_obj18.jpg'}, {'label': 'Adoralle__Adoralle Alimentos Rosquinhas Coco', 'score': 0.6766575574874878, 'path': 'data/datasetv6_crops\\Adoralle\\Adoralle Alimentos Rosquinhas Coco\\crop_00180_IMG_20260610_111623939_jpg.rf.3ab52977b4bcdded408dd84594455fd0_cls0_obj24.jpg'}, {'label': 'Adoralle__Adoralle Alimentos Rosquinhas Coco', 'score': 0.674017608165741, 'path': 'data/datasetv6_crops\\Adoralle\\Adoralle Alimentos Rosquinhas Coco\\crop_00291_Foto-10-06-2026-14-32-49_jpg.rf.c0ad90cfb6158320698c586da01ed36c_cls0_obj12.jpg'}, {'label': 'RANCHEIRO__RANCHEIRO ROSQUINHA DE CHOCOLATE RANCHEIRO', 'score': 0.6733043193817139, 'path': 'data/datasetv6_crops\\RANCHEIRO\\RANCHEIRO ROSQUINHA DE CHOCOLATE RANCHEIRO\\crop_00113_IMG_0932_JPG.rf.6b9379287f20aef455e88907324b0998_cls0_obj3.jpg'}, {'label': 'Adoralle__Adoralle Alimentos Rosquinhas Coco', 'score': 0.6693887710571289, 'path': 'data/datasetv6_crops\\Adoralle\\Adoralle Alimentos Rosquinhas Coco\\crop_00182_IMG_20260610_111623939_jpg.rf.3ab52977b4bcdded408dd84594455fd0_cls0_obj26.jpg'}]",data\input_images\image_1\crop_0025_conf_0.97.jpg
__Unknown__,True,['low_score'],0.74,0.0,RANCHEIRO__RANCHEIRO ROSQUINHA DE CHOCOLATE RANCHEIRO,0.6737169623374939,Adoralle__Adoralle Alimentos Rosquinhas Coco,0.6644161492586136,0.00930081307888031,"[('RANCHEIRO__RANCHEIRO ROSQUINHA DE CHOCOLATE RANCHEIRO', 0.6737169623374939), ('Adoralle__Adoralle Alimentos Rosquinhas Coco', 0.6644161492586136)]","[{'label': 'RANCHEIRO__RANCHEIRO ROSQUINHA DE CHOCOLATE RANCHEIRO', 'score': 0.6737169623374939, 'path': 'data/datasetv6_crops\\RANCHEIRO\\RANCHEIRO ROSQUINHA DE CHOCOLATE RANCHEIRO\\crop_00113_IMG_0932_JPG.rf.6b9379287f20aef455e88907324b0998_cls0_obj3.jpg'}, {'label': 'Adoralle__Adoralle Alimentos Rosquinhas Coco', 'score': 0.668613076210022, 'path': 'data/datasetv6_crops\\Adoralle\\Adoralle Alimentos Rosquinhas Coco\\train_IMG_0484-REDACTED_jpeg.rf.8ace1d1de4156ba5b78fb0e1d45bc3c8_crop_9.jpg'}, {'label': 'Adoralle__Adoralle Alimentos Rosquinhas Coco', 'score': 0.6648119688034058, 'path': 'data/datasetv6_crops\\Adoralle\\Adoralle Alimentos Rosquinhas Coco\\crop_00180_IMG_20260610_111623939_jpg.rf.3ab52977b4bcdded408dd84594455fd0_cls0_obj24.jpg'}, {'label': 'Adoralle__Adoralle Alimentos Rosquinhas Coco', 'score': 0.6639711260795593, 'path': 'data/datasetv6_crops\\Adoralle\\Adoralle Alimentos Rosquinhas Coco\\crop_00174_IMG_20260610_111623939_jpg.rf.3ab52977b4bcdded408dd84594455fd0_cls0_obj18.jpg'}, {'label': 'Adoralle__Adoralle Alimentos Rosquinhas Coco', 'score': 0.6602684259414673, 'path': 'data/datasetv6_crops\\Adoralle\\Adoralle Alimentos Rosquinhas Coco\\train_IMG_0484-REDACTED_jpeg.rf.8ace1d1de4156ba5b78fb0e1d45bc3c8_crop_22.jpg'}]",data\input_images\image_1\crop_0026_conf_0.97.jpg
Mabel__Mabel Rosquinha Mabel Sabor Leite,False,[],0.74,0.0,Mabel__Mabel Rosquinha Mabel Sabor Leite,0.8572343349456787,,,,"[('Mabel__Mabel Rosquinha Mabel Sabor Leite', 0.8572343349456787)]","[{'label': 'Mabel__Mabel Rosquinha Mabel Sabor Leite', 'score': 0.8608818054199219, 'path': 'data/datasetv6_crops\\Mabel\\Mabel Rosquinha Mabel Sabor Leite\\IMG_20260525_203124862-REDACTED_jpg.rf.0837268e7ae00d7438479c529c1e3df3_crop3.jpg'}, {'label': 'Mabel__Mabel Rosquinha Mabel Sabor Leite', 'score': 0.8592358827590942, 'path': 'data/datasetv6_crops\\Mabel\\Mabel Rosquinha Mabel Sabor Leite\\train_13_jpg.rf.a412f8fee18a232a01cf3278c2093bfc_crop_19.jpg'}, {'label': 'Mabel__Mabel Rosquinha Mabel Sabor Leite', 'score': 0.8585531711578369, 'path': 'data/datasetv6_crops\\Mabel\\Mabel Rosquinha Mabel Sabor Leite\\train_13_jpg.rf.a412f8fee18a232a01cf3278c2093bfc_crop_0.jpg'}, {'label': 'Mabel__Mabel Rosquinha Mabel Sabor Leite', 'score': 0.8563777208328247, 'path': 'data/datasetv6_crops\\Mabel\\Mabel Rosquinha Mabel Sabor Leite\\train_1_jpg.rf.a16f72e270cb47d97c21936e105f48a1_crop_3.jpg'}, {'label': 'Mabel__Mabel Rosquinha Mabel Sabor Leite', 'score': 0.8511230945587158, 'path': 'data/datasetv6_crops\\Mabel\\Mabel Rosquinha Mabel Sabor Leite\\crop_00159_IMG_20260610_111623939_jpg.rf.3ab52977b4bcdded408dd84594455fd0_cls0_obj3.jpg'}]",data\input_images\image_1\crop_0027_conf_0.97.jpg
Mabel__Mabel Rosquinha Mabel Sabor Banana e Canela,False,[],0.74,0.0,Mabel__Mabel Rosquinha Mabel Sabor Banana e Canela,0.8841963708400726,Mabel__Mabel Rosquinha Mabel Sabor Leite,0.8142337799072266,0.06996259093284607,"[('Mabel__Mabel Rosquinha Mabel Sabor Banana e Canela', 0.8841963708400726), ('Mabel__Mabel Rosquinha Mabel Sabor Leite', 0.8142337799072266), ('Mabel__Mabel Rosquinha Mabel Sabor Coco', 0.8098522126674652)]","[{'label': 'Mabel__Mabel Rosquinha Mabel Sabor Banana e Canela', 'score': 0.9647741913795471, 'path': 'data/datasetv6_crops\\Mabel\\Mabel Rosquinha Mabel Sabor Banana e Canela\\crop_00102_IMG_0831_JPG.rf.4e39ef000705ae9f589973a99b200d45_cls0_obj14.jpg'}, {'label': 'Mabel__Mabel Rosquinha Mabel Sabor Coco', 'score': 0.8327658176422119, 'path': 'data/datasetv6_crops\\Mabel\\Mabel Rosquinha Mabel Sabor Coco\\crop_00089_IMG_0831_JPG.rf.4e39ef000705ae9f589973a99b200d45_cls0_obj1.jpg'}, {'label': 'Mabel__Mabel Rosquinha Mabel Sabor Leite', 'score': 0.8142337799072266, 'path': 'data/datasetv6_crops\\Mabel\\Mabel Rosquinha Mabel Sabor Leite\\crop_00185_IMG_20260610_171200727_jpg.rf.179b647686a10320feb70c55b6e0d4ba_cls0_obj0.jpg'}, {'label': 'Mabel__Mabel Rosquinha Mabel Sabor Banana e Canela', 'score': 0.8036185503005981, 'path': 'data/datasetv6_crops\\Mabel\\Mabel Rosquinha Mabel Sabor Banana e Canela\\train_IMG_0534-REDACTED_jpeg.rf.140b3850b84cb326577608ba6b531e88_crop_29.jpg'}, {'label': 'Mabel__Mabel Rosquinha Mabel Sabor Coco', 'score': 0.7869386076927185, 'path': 'data/datasetv6_crops\\Mabel\\Mabel Rosquinha Mabel Sabor Coco\\crop_00088_IMG_0831_JPG.rf.4e39ef000705ae9f589973a99b200d45_cls0_obj0.jpg'}]",data\input_images\image_1\crop_0028_conf_0.97.jpg
__Unknown__,True,['low_score'],0.68,-0.05999999999999994,RANCHEIRO__RANCHEIRO BISCOITO MARIA RANCHEIRO,0.554717481136322,Adoralle__Adoralle Alimentos Rosquinhas Coco,0.5514927804470062,0.003224700689315796,"[('RANCHEIRO__RANCHEIRO BISCOITO MARIA RANCHEIRO', 0.554717481136322), ('Adoralle__Adoralle Alimentos Rosquinhas Coco', 0.5514927804470062)]","[{'label': 'RANCHEIRO__RANCHEIRO BISCOITO MARIA RANCHEIRO', 'score': 0.5583271384239197, 'path': 'data/datasetv6_crops\\RANCHEIRO\\RANCHEIRO BISCOITO MARIA RANCHEIRO\\train_IMG_20260322_182859-REDACTED_jpg.rf.6d52f185e42307264bb33b61c2022bf1_crop_24.jpg'}, {'label': 'RANCHEIRO__RANCHEIRO BISCOITO MARIA RANCHEIRO', 'score': 0.5545253753662109, 'path': 'data/datasetv6_crops\\RANCHEIRO\\RANCHEIRO BISCOITO MARIA RANCHEIRO\\train_IMG_20260322_182859-REDACTED_jpg.rf.6d52f185e42307264bb33b61c2022bf1_crop_45.jpg'}, {'label': 'Adoralle__Adoralle Alimentos Rosquinhas Coco', 'score': 0.5539802312850952, 'path': 'data/datasetv6_crops\\Adoralle\\Adoralle Alimentos Rosquinhas Coco\\crop_00183_IMG_20260610_111623939_jpg.rf.3ab52977b4bcdded408dd84594455fd0_cls0_obj27.jpg'}, {'label': 'RANCHEIRO__RANCHEIRO BISCOITO MARIA RANCHEIRO', 'score': 0.5512999296188354, 'path': 'data/datasetv6_crops\\RANCHEIRO\\RANCHEIRO BISCOITO MARIA RANCHEIRO\\crop_00058_IMG_2581_JPG.rf.8a9bc879d25f4be9352a8f21ec0b81c0_cls0_obj12.jpg'}, {'label': 'Adoralle__Adoralle Alimentos Rosquinhas Coco', 'score': 0.5490053296089172, 'path': 'data/datasetv6_crops\\Adoralle\\Adoralle Alimentos Rosquinhas Coco\\train_IMG_0534-REDACTED_jpeg.rf.140b3850b84cb326577608ba6b531e88_crop_13.jpg'}]",data\input_images\image_1\crop_0029_conf_0.97.jpg
__Unknown__,True,['low_score'],0.74,0.0,RANCHEIRO__RANCHEIRO ROSQUINHA DE CHOCOLATE RANCHEIRO,0.619657039642334,Mabel__Mabel Rosquinha Mabel Sabor Coco,0.6101898550987244,0.00946718454360962,"[('RANCHEIRO__RANCHEIRO ROSQUINHA DE CHOCOLATE RANCHEIRO', 0.619657039642334), ('Mabel__Mabel Rosquinha Mabel Sabor Coco', 0.6101898550987244), ('Adoralle__Adoralle Alimentos Rosquinhas Coco', 0.6073470711708069), ('Mabel__Mabel Rosquinha Mabel Sabor Chocolate', 0.604388952255249)]","[{'label': 'RANCHEIRO__RANCHEIRO ROSQUINHA DE CHOCOLATE RANCHEIRO', 'score': 0.6327077150344849, 'path': 'data/datasetv6_crops\\RANCHEIRO\\RANCHEIRO ROSQUINHA DE CHOCOLATE RANCHEIRO\\crop_00113_IMG_0932_JPG.rf.6b9379287f20aef455e88907324b0998_cls0_obj3.jpg'}, {'label': 'Mabel__Mabel Rosquinha Mabel Sabor Coco', 'score': 0.6101898550987244, 'path': 'data/datasetv6_crops\\Mabel\\Mabel Rosquinha Mabel Sabor Coco\\train_IMG_20260321_195234837-REDACTED_jpg.rf.2f95b2610106f5576ca7b230417d7a0d_crop_16.jpg'}, {'label': 'Adoralle__Adoralle Alimentos Rosquinhas Coco', 'score': 0.6073470711708069, 'path': 'data/datasetv6_crops\\Adoralle\\Adoralle Alimentos Rosquinhas Coco\\crop_00174_IMG_20260610_111623939_jpg.rf.3ab52977b4bcdded408dd84594455fd0_cls0_obj18.jpg'}, {'label': 'RANCHEIRO__RANCHEIRO ROSQUINHA DE CHOCOLATE RANCHEIRO', 'score': 0.6066063642501831, 'path': 'data/datasetv6_crops\\RANCHEIRO\\RANCHEIRO ROSQUINHA DE CHOCOLATE RANCHEIRO\\crop_00107_IMG_0859_JPG.rf.5aa256f34fff06f3eb25948617337682_cls0_obj1.jpg'}, {'label': 'Mabel__Mabel Rosquinha Mabel Sabor Chocolate', 'score': 0.604388952255249, 'path': 'data/datasetv6_crops\\Mabel\\Mabel Rosquinha Mabel Sabor Chocolate\\train_IMG_20260309_202018563-REDACTED_jpg.rf.26b3fce9fb86693550f0eef19a1f2579_crop_8.jpg'}]",data\input_images\image_1\crop_0030_conf_0.97.jpg
__Unknown__,True,['low_score'],0.74,0.0,RANCHEIRO__RANCHEIRO ROSQUINHA DE CHOCOLATE RANCHEIRO,0.6475389003753662,Mabel__Mabel Rosquinha Mabel Sabor Coco,0.6418464183807373,0.005692481994628906,"[('RANCHEIRO__RANCHEIRO ROSQUINHA DE CHOCOLATE RANCHEIRO', 0.6475389003753662), ('Mabel__Mabel Rosquinha Mabel Sabor Coco', 0.6418464183807373), ('Adoralle__Adoralle Alimentos Rosquinhas Coco', 0.6303844451904297), ('Mabel__Mabel Rosquinha Mabel Sabor Chocolate', 0.6302430331707001)]","[{'label': 'RANCHEIRO__RANCHEIRO ROSQUINHA DE CHOCOLATE RANCHEIRO', 'score': 0.6475389003753662, 'path': 'data/datasetv6_crops\\RANCHEIRO\\RANCHEIRO ROSQUINHA DE CHOCOLATE RANCHEIRO\\crop_00113_IMG_0932_JPG.rf.6b9379287f20aef455e88907324b0998_cls0_obj3.jpg'}, {'label': 'Mabel__Mabel Rosquinha Mabel Sabor Coco', 'score': 0.6418464183807373, 'path': 'data/datasetv6_crops\\Mabel\\Mabel Rosquinha Mabel Sabor Coco\\train_IMG_20260321_195234837-REDACTED_jpg.rf.2f95b2610106f5576ca7b230417d7a0d_crop_16.jpg'}, {'label': 'Mabel__Mabel Rosquinha Mabel Sabor Chocolate', 'score': 0.6315319538116455, 'path': 'data/datasetv6_crops\\Mabel\\Mabel Rosquinha Mabel Sabor Chocolate\\train_IMG_20260321_192344227-REDACTED_jpg.rf.69122dc7ea620231f29cb0ba54a76682_crop_9.jpg'}, {'label': 'Adoralle__Adoralle Alimentos Rosquinhas Coco', 'score': 0.6303844451904297, 'path': 'data/datasetv6_crops\\Adoralle\\Adoralle Alimentos Rosquinhas Coco\\crop_00174_IMG_20260610_111623939_jpg.rf.3ab52977b4bcdded408dd84594455fd0_cls0_obj18.jpg'}, {'label': 'Mabel__Mabel Rosquinha Mabel Sabor Chocolate', 'score': 0.6289541125297546, 'path': 'data/datasetv6_crops\\Mabel\\Mabel Rosquinha Mabel Sabor Chocolate\\train_IMG_20260321_192348130-REDACTED_jpg.rf.cfec96b4775f8ec642e23276b6850ea8_crop_22.jpg'}]",data\input_images\image_1\crop_0031_conf_0.97.jpg
__Unknown__,True,['low_score'],0.74,0.0,Adoralle__Adoralle Alimentos Rosquinhas Coco,0.5772050619125366,,,,"[('Adoralle__Adoralle Alimentos Rosquinhas Coco', 0.5772050619125366)]","[{'label': 'Adoralle__Adoralle Alimentos Rosquinhas Coco', 'score': 0.5893820524215698, 'path': 'data/datasetv6_crops\\Adoralle\\Adoralle Alimentos Rosquinhas Coco\\train_IMG_0484-REDACTED_jpeg.rf.8ace1d1de4156ba5b78fb0e1d45bc3c8_crop_22.jpg'}, {'label': 'Adoralle__Adoralle Alimentos Rosquinhas Coco', 'score': 0.579063892364502, 'path': 'data/datasetv6_crops\\Adoralle\\Adoralle Alimentos Rosquinhas Coco\\train_IMG_0484-REDACTED_jpeg.rf.8ace1d1de4156ba5b78fb0e1d45bc3c8_crop_10.jpg'}, {'label': 'Adoralle__Adoralle Alimentos Rosquinhas Coco', 'score': 0.5729314088821411, 'path': 'data/datasetv6_crops\\Adoralle\\Adoralle Alimentos Rosquinhas Coco\\train_IMG_5212-REDACTED_jpeg.rf.528bb333ace77d145afe8299a10fd074_obj9.jpg'}, {'label': 'Adoralle__Adoralle Alimentos Rosquinhas Coco', 'score': 0.5724620819091797, 'path': 'data/datasetv6_crops\\Adoralle\\Adoralle Alimentos Rosquinhas Coco\\train_IMG_0534-REDACTED_jpeg.rf.140b3850b84cb326577608ba6b531e88_crop_8.jpg'}, {'label': 'Adoralle__Adoralle Alimentos Rosquinhas Coco', 'score': 0.5721858739852905, 'path': 'data/datasetv6_crops\\Adoralle\\Adoralle Alimentos Rosquinhas Coco\\crop_00176_IMG_20260610_111623939_jpg.rf.3ab52977b4bcdded408dd84594455fd0_cls0_obj20.jpg'}]",data\input_images\image_1\crop_0032_conf_0.97.jpg
__Unknown__,True,['low_score'],0.74,0.0,RANCHEIRO__RANCHEIRO ROSQUINHA DE CHOCOLATE RANCHEIRO,0.6120730439821879,Adoralle__Adoralle Alimentos Rosquinhas Coco,0.5983982980251312,0.013674745957056644,"[('RANCHEIRO__RANCHEIRO ROSQUINHA DE CHOCOLATE RANCHEIRO', 0.6120730439821879), ('Adoralle__Adoralle Alimentos Rosquinhas Coco', 0.5983982980251312)]","[{'label': 'RANCHEIRO__RANCHEIRO ROSQUINHA DE CHOCOLATE RANCHEIRO', 'score': 0.6276767253875732, 'path': 'data/datasetv6_crops\\RANCHEIRO\\RANCHEIRO ROSQUINHA DE CHOCOLATE RANCHEIRO\\crop_00113_IMG_0932_JPG.rf.6b9379287f20aef455e88907324b0998_cls0_obj3.jpg'}, {'label': 'RANCHEIRO__RANCHEIRO ROSQUINHA DE CHOCOLATE RANCHEIRO', 'score': 0.6088526844978333, 'path': 'data/datasetv6_crops\\RANCHEIRO\\RANCHEIRO ROSQUINHA DE CHOCOLATE RANCHEIRO\\crop_00112_IMG_0932_JPG.rf.6b9379287f20aef455e88907324b0998_cls0_obj2.jpg'}, {'label': 'RANCHEIRO__RANCHEIRO ROSQUINHA DE CHOCOLATE RANCHEIRO', 'score': 0.5996897220611572, 'path': 'data/datasetv6_crops\\RANCHEIRO\\RANCHEIRO ROSQUINHA DE CHOCOLATE RANCHEIRO\\crop_00107_IMG_0859_JPG.rf.5aa256f34fff06f3eb25948617337682_cls0_obj1.jpg'}, {'label': 'Adoralle__Adoralle Alimentos Rosquinhas Coco', 'score': 0.5985544919967651, 'path': 'data/datasetv6_crops\\Adoralle\\Adoralle Alimentos Rosquinhas Coco\\crop_00291_Foto-10-06-2026-14-32-49_jpg.rf.c0ad90cfb6158320698c586da01ed36c_cls0_obj12.jpg'}, {'label': 'Adoralle__Adoralle Alimentos Rosquinhas Coco', 'score': 0.5982421040534973, 'path': 'data/datasetv6_crops\\Adoralle\\Adoralle Alimentos Rosquinhas Coco\\crop_00174_IMG_20260610_111623939_jpg.rf.3ab52977b4bcdded408dd84594455fd0_cls0_obj18.jpg'}]",data\input_images\image_1\crop_0033_conf_0.97.jpg
__Unknown__,True,['low_score'],0.74,0.0,RANCHEIRO__RANCHEIRO ROSQUINHA DE CHOCOLATE RANCHEIRO,0.6848388314247131,Adoralle__Adoralle Alimentos Rosquinhas Coco,0.6825377345085144,0.0023010969161987305,"[('RANCHEIRO__RANCHEIRO ROSQUINHA DE CHOCOLATE RANCHEIRO', 0.6848388314247131), ('Adoralle__Adoralle Alimentos Rosquinhas Coco', 0.6825377345085144), ('Mabel__Mabel Rosquinha Mabel Sabor Coco', 0.6661745309829712)]","[{'label': 'Adoralle__Adoralle Alimentos Rosquinhas Coco', 'score': 0.6984257698059082, 'path': 'data/datasetv6_crops\\Adoralle\\Adoralle Alimentos Rosquinhas Coco\\crop_00174_IMG_20260610_111623939_jpg.rf.3ab52977b4bcdded408dd84594455fd0_cls0_obj18.jpg'}, {'label': 'RANCHEIRO__RANCHEIRO ROSQUINHA DE CHOCOLATE RANCHEIRO', 'score': 0.6848388314247131, 'path': 'data/datasetv6_crops\\RANCHEIRO\\RANCHEIRO ROSQUINHA DE CHOCOLATE RANCHEIRO\\crop_00113_IMG_0932_JPG.rf.6b9379287f20aef455e88907324b0998_cls0_obj3.jpg'}, {'label': 'Adoralle__Adoralle Alimentos Rosquinhas Coco', 'score': 0.6762596368789673, 'path': 'data/datasetv6_crops\\Adoralle\\Adoralle Alimentos Rosquinhas Coco\\crop_00180_IMG_20260610_111623939_jpg.rf.3ab52977b4bcdded408dd84594455fd0_cls0_obj24.jpg'}, {'label': 'Adoralle__Adoralle Alimentos Rosquinhas Coco', 'score': 0.6729277968406677, 'path': 'data/datasetv6_crops\\Adoralle\\Adoralle Alimentos Rosquinhas Coco\\train_IMG_0484-REDACTED_jpeg.rf.8ace1d1de4156ba5b78fb0e1d45bc3c8_crop_9.jpg'}, {'label': 'Mabel__Mabel Rosquinha Mabel Sabor Coco', 'score': 0.6661745309829712, 'path': 'data/datasetv6_crops\\Mabel\\Mabel Rosquinha Mabel Sabor Coco\\train_IMG_20260321_195234837-REDACTED_jpg.rf.2f95b2610106f5576ca7b230417d7a0d_crop_16.jpg'}]",data\input_images\image_1\crop_0034_conf_0.97.jpg
Mabel__Mabel Rosquinha Mabel Sabor Banana e Canela,False,[],0.74,0.0,Mabel__Mabel Rosquinha Mabel Sabor Banana e Canela,0.8258037567138672,Mabel__Mabel Rosquinha Mabel Sabor Coco,0.7629104256629944,0.0628933310508728,"[('Mabel__Mabel Rosquinha Mabel Sabor Banana e Canela', 0.8258037567138672), ('Mabel__Mabel Rosquinha Mabel Sabor Coco', 0.7629104256629944)]","[{'label': 'Mabel__Mabel Rosquinha Mabel Sabor Banana e Canela', 'score': 0.9454265832901001, 'path': 'data/datasetv6_crops\\Mabel\\Mabel Rosquinha Mabel Sabor Banana e Canela\\crop_00101_IMG_0831_JPG.rf.4e39ef000705ae9f589973a99b200d45_cls0_obj13.jpg'}, {'label': 'Mabel__Mabel Rosquinha Mabel Sabor Coco', 'score': 0.7699514627456665, 'path': 'data/datasetv6_crops\\Mabel\\Mabel Rosquinha Mabel Sabor Coco\\train_1_jpg.rf.a16f72e270cb47d97c21936e105f48a1_crop_28.jpg'}, {'label': 'Mabel__Mabel Rosquinha Mabel Sabor Banana e Canela', 'score': 0.7661782503128052, 'path': 'data/datasetv6_crops\\Mabel\\Mabel Rosquinha Mabel Sabor Banana e Canela\\train_IMG_0534-REDACTED_jpeg.rf.140b3850b84cb326577608ba6b531e88_crop_29.jpg'}, {'label': 'Mabel__Mabel Rosquinha Mabel Sabor Banana e Canela', 'score': 0.7658064365386963, 'path': 'data/datasetv6_crops\\Mabel\\Mabel Rosquinha Mabel Sabor Banana e Canela\\train_IMG_2111_jpeg.rf.decffa6396f7c4d02f995d0c382f5699_crop_7.jpg'}, {'label': 'Mabel__Mabel Rosquinha Mabel Sabor Coco', 'score': 0.7558693885803223, 'path': 'data/datasetv6_crops\\Mabel\\Mabel Rosquinha Mabel Sabor Coco\\crop_00095_IMG_0831_JPG.rf.4e39ef000705ae9f589973a99b200d45_cls0_obj7.jpg'}]",data\input_images\image_1\crop_0035_conf_0.97.jpg
__Unknown__,True,['low_score'],0.74,0.0,Adoralle__Adoralle Alimentos Rosquinhas Coco,0.6179183959960938,,,,"[('Adoralle__Adoralle Alimentos Rosquinhas Coco', 0.6179183959960938)]","[{'label': 'Adoralle__Adoralle Alimentos Rosquinhas Coco', 'score': 0.6366898417472839, 'path': 'data/datasetv6_crops\\Adoralle\\Adoralle Alimentos Rosquinhas Coco\\train_IMG_0484-REDACTED_jpeg.rf.8ace1d1de4156ba5b78fb0e1d45bc3c8_crop_22.jpg'}, {'label': 'Adoralle__Adoralle Alimentos Rosquinhas Coco', 'score': 0.6228859424591064, 'path': 'data/datasetv6_crops\\Adoralle\\Adoralle Alimentos Rosquinhas Coco\\train_IMG_0484-REDACTED_jpeg.rf.8ace1d1de4156ba5b78fb0e1d45bc3c8_crop_10.jpg'}, {'label': 'Adoralle__Adoralle Alimentos Rosquinhas Coco', 'score': 0.6128968000411987, 'path': 'data/datasetv6_crops\\Adoralle\\Adoralle Alimentos Rosquinhas Coco\\train_IMG_5212-REDACTED_jpeg.rf.528bb333ace77d145afe8299a10fd074_obj9.jpg'}, {'label': 'Adoralle__Adoralle Alimentos Rosquinhas Coco', 'score': 0.6106191277503967, 'path': 'data/datasetv6_crops\\Adoralle\\Adoralle Alimentos Rosquinhas Coco\\crop_00176_IMG_20260610_111623939_jpg.rf.3ab52977b4bcdded408dd84594455fd0_cls0_obj20.jpg'}, {'label': 'Adoralle__Adoralle Alimentos Rosquinhas Coco', 'score': 0.6065002679824829, 'path': 'data/datasetv6_crops\\Adoralle\\Adoralle Alimentos Rosquinhas Coco\\crop_00180_IMG_20260610_111623939_jpg.rf.3ab52977b4bcdded408dd84594455fd0_cls0_obj24.jpg'}]",data\input_images\image_1\crop_0036_conf_0.97.jpg
Mabel__Mabel Amanteigado Mabel Sabor Leite,False,[],0.73,-0.010000000000000009,Mabel__Mabel Amanteigado Mabel Sabor Leite,0.9212322473526001,,,,"[('Mabel__Mabel Amanteigado Mabel Sabor Leite', 0.9212322473526001)]","[{'label': 'Mabel__Mabel Amanteigado Mabel Sabor Leite', 'score': 0.9246866106987, 'path': 'data/datasetv6_crops\\Mabel\\Mabel Amanteigado Mabel Sabor Leite\\crop_00103_IMG_0831_JPG.rf.4e39ef000705ae9f589973a99b200d45_cls0_obj15.jpg'}, {'label': 'Mabel__Mabel Amanteigado Mabel Sabor Leite', 'score': 0.923550546169281, 'path': 'data/datasetv6_crops\\Mabel\\Mabel Amanteigado Mabel Sabor Leite\\crop_00068_IMG_0833_JPG.rf.ecee911543cbcf0e827a8f5b11a12ca6_cls0_obj4.jpg'}, {'label': 'Mabel__Mabel Amanteigado Mabel Sabor Leite', 'score': 0.9227930903434753, 'path': 'data/datasetv6_crops\\Mabel\\Mabel Amanteigado Mabel Sabor Leite\\crop_00104_IMG_0831_JPG.rf.4e39ef000705ae9f589973a99b200d45_cls0_obj16.jpg'}, {'label': 'Mabel__Mabel Amanteigado Mabel Sabor Leite', 'score': 0.9180845022201538, 'path': 'data/datasetv6_crops\\Mabel\\Mabel Amanteigado Mabel Sabor Leite\\crop_00105_IMG_0831_JPG.rf.4e39ef000705ae9f589973a99b200d45_cls0_obj17.jpg'}, {'label': 'Mabel__Mabel Amanteigado Mabel Sabor Leite', 'score': 0.9170464873313904, 'path': 'data/datasetv6_crops\\Mabel\\Mabel Amanteigado Mabel Sabor Leite\\crop_00046_IMG_0909_JPG.rf.382e8cbbf3731434f5c2ef48a97f59eb_cls0_obj12.jpg'}]",data\input_images\image_1\crop_0037_conf_0.97.jpg
__Unknown__,True,['low_score'],0.74,0.0,Adoralle__Adoralle Alimentos Rosquinhas Coco,0.684895470738411,RANCHEIRO__RANCHEIRO ROSQUINHA DE CHOCOLATE RANCHEIRO,0.6812413930892944,0.003654077649116516,"[('Adoralle__Adoralle Alimentos Rosquinhas Coco', 0.684895470738411), ('RANCHEIRO__RANCHEIRO ROSQUINHA DE CHOCOLATE RANCHEIRO', 0.6812413930892944)]","[{'label': 'Adoralle__Adoralle Alimentos Rosquinhas Coco', 'score': 0.687915027141571, 'path': 'data/datasetv6_crops\\Adoralle\\Adoralle Alimentos Rosquinhas Coco\\crop_00291_Foto-10-06-2026-14-32-49_jpg.rf.c0ad90cfb6158320698c586da01ed36c_cls0_obj12.jpg'}, {'label': 'Adoralle__Adoralle Alimentos Rosquinhas Coco', 'score': 0.6869784593582153, 'path': 'data/datasetv6_crops\\Adoralle\\Adoralle Alimentos Rosquinhas Coco\\train_IMG_0484-REDACTED_jpeg.rf.8ace1d1de4156ba5b78fb0e1d45bc3c8_crop_9.jpg'}, {'label': 'Adoralle__Adoralle Alimentos Rosquinhas Coco', 'score': 0.6866561770439148, 'path': 'data/datasetv6_crops\\Adoralle\\Adoralle Alimentos Rosquinhas Coco\\crop_00180_IMG_20260610_111623939_jpg.rf.3ab52977b4bcdded408dd84594455fd0_cls0_obj24.jpg'}, {'label': 'RANCHEIRO__RANCHEIRO ROSQUINHA DE CHOCOLATE RANCHEIRO', 'score': 0.6812413930892944, 'path': 'data/datasetv6_crops\\RANCHEIRO\\RANCHEIRO ROSQUINHA DE CHOCOLATE RANCHEIRO\\crop_00113_IMG_0932_JPG.rf.6b9379287f20aef455e88907324b0998_cls0_obj3.jpg'}, {'label': 'Adoralle__Adoralle Alimentos Rosquinhas Coco', 'score': 0.6780322194099426, 'path': 'data/datasetv6_crops\\Adoralle\\Adoralle Alimentos Rosquinhas Coco\\crop_00174_IMG_20260610_111623939_jpg.rf.3ab52977b4bcdded408dd84594455fd0_cls0_obj18.jpg'}]",data\input_images\image_1\crop_0038_conf_0.97.jpg
Mabel__Mabel Rosquinha Mabel Sabor Banana e Canela,False,[],0.74,0.0,Mabel__Mabel Rosquinha Mabel Sabor Banana e Canela,0.7958135604858398,Mabel__Mabel Rosquinha Mabel Sabor Coco,0.7669512033462524,0.028862357139587402,"[('Mabel__Mabel Rosquinha Mabel Sabor Banana e Canela', 0.7958135604858398), ('Mabel__Mabel Rosquinha Mabel Sabor Coco', 0.7669512033462524)]","[{'label': 'Mabel__Mabel Rosquinha Mabel Sabor Banana e Canela', 'score': 0.842694878578186, 'path': 'data/datasetv6_crops\\Mabel\\Mabel Rosquinha Mabel Sabor Banana e Canela\\crop_00102_IMG_0831_JPG.rf.4e39ef000705ae9f589973a99b200d45_cls0_obj14.jpg'}, {'label': 'Mabel__Mabel Rosquinha Mabel Sabor Banana e Canela', 'score': 0.7733551263809204, 'path': 'data/datasetv6_crops\\Mabel\\Mabel Rosquinha Mabel Sabor Banana e Canela\\train_13_jpg.rf.a412f8fee18a232a01cf3278c2093bfc_crop_32.jpg'}, {'label': 'Mabel__Mabel Rosquinha Mabel Sabor Banana e Canela', 'score': 0.7713906764984131, 'path': 'data/datasetv6_crops\\Mabel\\Mabel Rosquinha Mabel Sabor Banana e Canela\\train_IMG_2111_jpeg.rf.decffa6396f7c4d02f995d0c382f5699_crop_7.jpg'}, {'label': 'Mabel__Mabel Rosquinha Mabel Sabor Coco', 'score': 0.769307017326355, 'path': 'data/datasetv6_crops\\Mabel\\Mabel Rosquinha Mabel Sabor Coco\\crop_00096_IMG_0831_JPG.rf.4e39ef000705ae9f589973a99b200d45_cls0_obj8.jpg'}, {'label': 'Mabel__Mabel Rosquinha Mabel Sabor Coco', 'score': 0.7645953893661499, 'path': 'data/datasetv6_crops\\Mabel\\Mabel Rosquinha Mabel Sabor Coco\\crop_00167_IMG_20260610_111623939_jpg.rf.3ab52977b4bcdded408dd84594455fd0_cls0_obj11.jpg'}]",data\input_images\image_1\crop_0039_conf_0.97.jpg
__Unknown__,True,['low_score'],0.74,0.0,RANCHEIRO__RANCHEIRO ROSQUINHA DE CHOCOLATE RANCHEIRO,0.6184899806976318,,,,"[('RANCHEIRO__RANCHEIRO ROSQUINHA DE CHOCOLATE RANCHEIRO', 0.6184899806976318)]","[{'label': 'RANCHEIRO__RANCHEIRO ROSQUINHA DE CHOCOLATE RANCHEIRO', 'score': 0.6398972272872925, 'path': 'data/datasetv6_crops\\RANCHEIRO\\RANCHEIRO ROSQUINHA DE CHOCOLATE RANCHEIRO\\crop_00113_IMG_0932_JPG.rf.6b9379287f20aef455e88907324b0998_cls0_obj3.jpg'}, {'label': 'RANCHEIRO__RANCHEIRO ROSQUINHA DE CHOCOLATE RANCHEIRO', 'score': 0.6261148452758789, 'path': 'data/datasetv6_crops\\RANCHEIRO\\RANCHEIRO ROSQUINHA DE CHOCOLATE RANCHEIRO\\crop_00107_IMG_0859_JPG.rf.5aa256f34fff06f3eb25948617337682_cls0_obj1.jpg'}, {'label': 'RANCHEIRO__RANCHEIRO ROSQUINHA DE CHOCOLATE RANCHEIRO', 'score': 0.6138213872909546, 'path': 'data/datasetv6_crops\\RANCHEIRO\\RANCHEIRO ROSQUINHA DE CHOCOLATE RANCHEIRO\\crop_00112_IMG_0932_JPG.rf.6b9379287f20aef455e88907324b0998_cls0_obj2.jpg'}, {'label': 'RANCHEIRO__RANCHEIRO ROSQUINHA DE CHOCOLATE RANCHEIRO', 'score': 0.6087394952774048, 'path': 'data/datasetv6_crops\\RANCHEIRO\\RANCHEIRO ROSQUINHA DE CHOCOLATE RANCHEIRO\\crop_00106_IMG_0859_JPG.rf.5aa256f34fff06f3eb25948617337682_cls0_obj0.jpg'}, {'label': 'RANCHEIRO__RANCHEIRO ROSQUINHA DE CHOCOLATE RANCHEIRO', 'score': 0.6038769483566284, 'path': 'data/datasetv6_crops\\RANCHEIRO\\RANCHEIRO ROSQUINHA DE CHOCOLATE RANCHEIRO\\train_IMG_2174_jpeg.rf.44f437e7793cd4257e44ac6963886830_crop_15.jpg'}]",data\input_images\image_1\crop_0040_conf_0.97.jpg
__Unknown__,True,['low_score'],0.74,0.0,RANCHEIRO__RANCHEIRO ROSQUINHA DE CHOCOLATE RANCHEIRO,0.6813150445620219,Mabel__Mabel Rosquinha Mabel Sabor Banana e Canela,0.6717002391815186,0.0096148053805033,"[('RANCHEIRO__RANCHEIRO ROSQUINHA DE CHOCOLATE RANCHEIRO', 0.6813150445620219), ('Mabel__Mabel Rosquinha Mabel Sabor Banana e Canela', 0.6717002391815186), ('Adoralle__Adoralle Alimentos Rosquinhas Coco', 0.664996325969696)]","[{'label': 'RANCHEIRO__RANCHEIRO ROSQUINHA DE CHOCOLATE RANCHEIRO', 'score': 0.6969983577728271, 'path': 'data/datasetv6_crops\\RANCHEIRO\\RANCHEIRO ROSQUINHA DE CHOCOLATE RANCHEIRO\\crop_00113_IMG_0932_JPG.rf.6b9379287f20aef455e88907324b0998_cls0_obj3.jpg'}, {'label': 'RANCHEIRO__RANCHEIRO ROSQUINHA DE CHOCOLATE RANCHEIRO', 'score': 0.6814358234405518, 'path': 'data/datasetv6_crops\\RANCHEIRO\\RANCHEIRO ROSQUINHA DE CHOCOLATE RANCHEIRO\\crop_00112_IMG_0932_JPG.rf.6b9379287f20aef455e88907324b0998_cls0_obj2.jpg'}, {'label': 'Mabel__Mabel Rosquinha Mabel Sabor Banana e Canela', 'score': 0.6717002391815186, 'path': 'data/datasetv6_crops\\Mabel\\Mabel Rosquinha Mabel Sabor Banana e Canela\\crop_00157_IMG_20260610_111623939_jpg.rf.3ab52977b4bcdded408dd84594455fd0_cls0_obj1.jpg'}, {'label': 'RANCHEIRO__RANCHEIRO ROSQUINHA DE CHOCOLATE RANCHEIRO', 'score': 0.6655109524726868, 'path': 'data/datasetv6_crops\\RANCHEIRO\\RANCHEIRO ROSQUINHA DE CHOCOLATE RANCHEIRO\\crop_00106_IMG_0859_JPG.rf.5aa256f34fff06f3eb25948617337682_cls0_obj0.jpg'}, {'label': 'Adoralle__Adoralle Alimentos Rosquinhas Coco', 'score': 0.664996325969696, 'path': 'data/datasetv6_crops\\Adoralle\\Adoralle Alimentos Rosquinhas Coco\\crop_00291_Foto-10-06-2026-14-32-49_jpg.rf.c0ad90cfb6158320698c586da01ed36c_cls0_obj12.jpg'}]",data\input_images\image_1\crop_0041_conf_0.97.jpg
Mabel__Mabel Rosquinha Mabel Sabor Coco,False,[],0.68,-0.05999999999999994,Mabel__Mabel Rosquinha Mabel Sabor Coco,0.9316362977027893,,,,"[('Mabel__Mabel Rosquinha Mabel Sabor Coco', 0.9316362977027893)]","[{'label': 'Mabel__Mabel Rosquinha Mabel Sabor Coco', 'score': 0.9691474437713623, 'path': 'data/datasetv6_crops\\Mabel\\Mabel Rosquinha Mabel Sabor Coco\\crop_00091_IMG_0831_JPG.rf.4e39ef000705ae9f589973a99b200d45_cls0_obj3.jpg'}, {'label': 'Mabel__Mabel Rosquinha Mabel Sabor Coco', 'score': 0.9296877384185791, 'path': 'data/datasetv6_crops\\Mabel\\Mabel Rosquinha Mabel Sabor Coco\\crop_00093_IMG_0831_JPG.rf.4e39ef000705ae9f589973a99b200d45_cls0_obj5.jpg'}, {'label': 'Mabel__Mabel Rosquinha Mabel Sabor Coco', 'score': 0.9288934469223022, 'path': 'data/datasetv6_crops\\Mabel\\Mabel Rosquinha Mabel Sabor Coco\\crop_00017_IMG_20260610_115355437_jpg.rf.74e628d4b1a310cf28354aaf4f6be1dc_cls0_obj17.jpg'}, {'label': 'Mabel__Mabel Rosquinha Mabel Sabor Coco', 'score': 0.9232646226882935, 'path': 'data/datasetv6_crops\\Mabel\\Mabel Rosquinha Mabel Sabor Coco\\crop_00018_IMG_20260610_115355437_jpg.rf.74e628d4b1a310cf28354aaf4f6be1dc_cls0_obj18.jpg'}, {'label': 'Mabel__Mabel Rosquinha Mabel Sabor Coco', 'score': 0.9071882367134094, 'path': 'data/datasetv6_crops\\Mabel\\Mabel Rosquinha Mabel Sabor Coco\\IMG_5212-REDACTED_jpeg.rf.465f6a5976719f73c6456bd748d6004a_crop2.jpg'}]",data\input_images\image_1\crop_0042_conf_0.97.jpg
__Unknown__,True,['low_score'],0.74,0.0,RANCHEIRO__RANCHEIRO ROSQUINHA DE CHOCOLATE RANCHEIRO,0.6362630128860474,Adoralle__Adoralle Alimentos Rosquinhas Coco,0.6290117303530375,0.007251282533009884,"[('RANCHEIRO__RANCHEIRO ROSQUINHA DE CHOCOLATE RANCHEIRO', 0.6362630128860474), ('Adoralle__Adoralle Alimentos Rosquinhas Coco', 0.6290117303530375)]","[{'label': 'RANCHEIRO__RANCHEIRO ROSQUINHA DE CHOCOLATE RANCHEIRO', 'score': 0.6489246487617493, 'path': 'data/datasetv6_crops\\RANCHEIRO\\RANCHEIRO ROSQUINHA DE CHOCOLATE RANCHEIRO\\crop_00113_IMG_0932_JPG.rf.6b9379287f20aef455e88907324b0998_cls0_obj3.jpg'}, {'label': 'Adoralle__Adoralle Alimentos Rosquinhas Coco', 'score': 0.6356794238090515, 'path': 'data/datasetv6_crops\\Adoralle\\Adoralle Alimentos Rosquinhas Coco\\crop_00174_IMG_20260610_111623939_jpg.rf.3ab52977b4bcdded408dd84594455fd0_cls0_obj18.jpg'}, {'label': 'Adoralle__Adoralle Alimentos Rosquinhas Coco', 'score': 0.6306939125061035, 'path': 'data/datasetv6_crops\\Adoralle\\Adoralle Alimentos Rosquinhas Coco\\train_IMG_0484-REDACTED_jpeg.rf.8ace1d1de4156ba5b78fb0e1d45bc3c8_crop_9.jpg'}, {'label': 'RANCHEIRO__RANCHEIRO ROSQUINHA DE CHOCOLATE RANCHEIRO', 'score': 0.6236013770103455, 'path': 'data/datasetv6_crops\\RANCHEIRO\\RANCHEIRO ROSQUINHA DE CHOCOLATE RANCHEIRO\\crop_00107_IMG_0859_JPG.rf.5aa256f34fff06f3eb25948617337682_cls0_obj1.jpg'}, {'label': 'Adoralle__Adoralle Alimentos Rosquinhas Coco', 'score': 0.6206618547439575, 'path': 'data/datasetv6_crops\\Adoralle\\Adoralle Alimentos Rosquinhas Coco\\crop_00291_Foto-10-06-2026-14-32-49_jpg.rf.c0ad90cfb6158320698c586da01ed36c_cls0_obj12.jpg'}]",data\input_images\image_1\crop_0043_conf_0.97.jpg
__Unknown__,True,['low_score'],0.74,0.0,RANCHEIRO__RANCHEIRO ROSQUINHA DE CHOCOLATE RANCHEIRO,0.644161605834961,,,,"[('RANCHEIRO__RANCHEIRO ROSQUINHA DE CHOCOLATE RANCHEIRO', 0.644161605834961)]","[{'label': 'RANCHEIRO__RANCHEIRO ROSQUINHA DE CHOCOLATE RANCHEIRO', 'score': 0.679598331451416, 'path': 'data/datasetv6_crops\\RANCHEIRO\\RANCHEIRO ROSQUINHA DE CHOCOLATE RANCHEIRO\\crop_00113_IMG_0932_JPG.rf.6b9379287f20aef455e88907324b0998_cls0_obj3.jpg'}, {'label': 'RANCHEIRO__RANCHEIRO ROSQUINHA DE CHOCOLATE RANCHEIRO', 'score': 0.655907392501831, 'path': 'data/datasetv6_crops\\RANCHEIRO\\RANCHEIRO ROSQUINHA DE CHOCOLATE RANCHEIRO\\crop_00107_IMG_0859_JPG.rf.5aa256f34fff06f3eb25948617337682_cls0_obj1.jpg'}, {'label': 'RANCHEIRO__RANCHEIRO ROSQUINHA DE CHOCOLATE RANCHEIRO', 'score': 0.648928165435791, 'path': 'data/datasetv6_crops\\RANCHEIRO\\RANCHEIRO ROSQUINHA DE CHOCOLATE RANCHEIRO\\crop_00106_IMG_0859_JPG.rf.5aa256f34fff06f3eb25948617337682_cls0_obj0.jpg'}, {'label': 'RANCHEIRO__RANCHEIRO ROSQUINHA DE CHOCOLATE RANCHEIRO', 'score': 0.6365503668785095, 'path': 'data/datasetv6_crops\\RANCHEIRO\\RANCHEIRO ROSQUINHA DE CHOCOLATE RANCHEIRO\\crop_00112_IMG_0932_JPG.rf.6b9379287f20aef455e88907324b0998_cls0_obj2.jpg'}, {'label': 'RANCHEIRO__RANCHEIRO ROSQUINHA DE CHOCOLATE RANCHEIRO', 'score': 0.5998237729072571, 'path': 'data/datasetv6_crops\\RANCHEIRO\\RANCHEIRO ROSQUINHA DE CHOCOLATE RANCHEIRO\\train_IMG_2175_jpeg.rf.81e681dc397f791d29fff777b4c254c2_crop_0.jpg'}]",data\input_images\image_1\crop_0044_conf_0.97.jpg
__Unknown__,True,['low_score'],0.74,0.0,Adoralle__Adoralle Alimentos Rosquinhas Coco,0.6432634353637695,,,,"[('Adoralle__Adoralle Alimentos Rosquinhas Coco', 0.6432634353637695)]","[{'label': 'Adoralle__Adoralle Alimentos Rosquinhas Coco', 'score': 0.6602402925491333, 'path': 'data/datasetv6_crops\\Adoralle\\Adoralle Alimentos Rosquinhas Coco\\crop_00176_IMG_20260610_111623939_jpg.rf.3ab52977b4bcdded408dd84594455fd0_cls0_obj20.jpg'}, {'label': 'Adoralle__Adoralle Alimentos Rosquinhas Coco', 'score': 0.6490997076034546, 'path': 'data/datasetv6_crops\\Adoralle\\Adoralle Alimentos Rosquinhas Coco\\crop_00180_IMG_20260610_111623939_jpg.rf.3ab52977b4bcdded408dd84594455fd0_cls0_obj24.jpg'}, {'label': 'Adoralle__Adoralle Alimentos Rosquinhas Coco', 'score': 0.6468266248703003, 'path': 'data/datasetv6_crops\\Adoralle\\Adoralle Alimentos Rosquinhas Coco\\train_IMG_0484-REDACTED_jpeg.rf.8ace1d1de4156ba5b78fb0e1d45bc3c8_crop_22.jpg'}, {'label': 'Adoralle__Adoralle Alimentos Rosquinhas Coco', 'score': 0.633571982383728, 'path': 'data/datasetv6_crops\\Adoralle\\Adoralle Alimentos Rosquinhas Coco\\train_IMG_0534-REDACTED_jpeg.rf.140b3850b84cb326577608ba6b531e88_crop_11.jpg'}, {'label': 'Adoralle__Adoralle Alimentos Rosquinhas Coco', 'score': 0.6265785694122314, 'path': 'data/datasetv6_crops\\Adoralle\\Adoralle Alimentos Rosquinhas Coco\\train_WhatsApp-Image-2026-03-25-at-00-34-17_jpeg.rf.6ee1f01097c360d3605332562fd5c8ae_crop_8.jpg'}]",data\input_images\image_1\crop_0045_conf_0.97.jpg
__Unknown__,True,['low_score'],0.74,0.0,RANCHEIRO__RANCHEIRO ROSQUINHA DE CHOCOLATE RANCHEIRO,0.6579140871763229,Adoralle__Adoralle Alimentos Rosquinhas Coco,0.6274411082267761,0.030472978949546814,"[('RANCHEIRO__RANCHEIRO ROSQUINHA DE CHOCOLATE RANCHEIRO', 0.6579140871763229), ('Adoralle__Adoralle Alimentos Rosquinhas Coco', 0.6274411082267761)]","[{'label': 'RANCHEIRO__RANCHEIRO ROSQUINHA DE CHOCOLATE RANCHEIRO', 'score': 0.6793195009231567, 'path': 'data/datasetv6_crops\\RANCHEIRO\\RANCHEIRO ROSQUINHA DE CHOCOLATE RANCHEIRO\\crop_00113_IMG_0932_JPG.rf.6b9379287f20aef455e88907324b0998_cls0_obj3.jpg'}, {'label': 'RANCHEIRO__RANCHEIRO ROSQUINHA DE CHOCOLATE RANCHEIRO', 'score': 0.6530116200447083, 'path': 'data/datasetv6_crops\\RANCHEIRO\\RANCHEIRO ROSQUINHA DE CHOCOLATE RANCHEIRO\\crop_00107_IMG_0859_JPG.rf.5aa256f34fff06f3eb25948617337682_cls0_obj1.jpg'}, {'label': 'RANCHEIRO__RANCHEIRO ROSQUINHA DE CHOCOLATE RANCHEIRO', 'score': 0.6517332792282104, 'path': 'data/datasetv6_crops\\RANCHEIRO\\RANCHEIRO ROSQUINHA DE CHOCOLATE RANCHEIRO\\crop_00112_IMG_0932_JPG.rf.6b9379287f20aef455e88907324b0998_cls0_obj2.jpg'}, {'label': 'RANCHEIRO__RANCHEIRO ROSQUINHA DE CHOCOLATE RANCHEIRO', 'score': 0.6475919485092163, 'path': 'data/datasetv6_crops\\RANCHEIRO\\RANCHEIRO ROSQUINHA DE CHOCOLATE RANCHEIRO\\crop_00106_IMG_0859_JPG.rf.5aa256f34fff06f3eb25948617337682_cls0_obj0.jpg'}, {'label': 'Adoralle__Adoralle Alimentos Rosquinhas Coco', 'score': 0.6274411082267761, 'path': 'data/datasetv6_crops\\Adoralle\\Adoralle Alimentos Rosquinhas Coco\\crop_00174_IMG_20260610_111623939_jpg.rf.3ab52977b4bcdded408dd84594455fd0_cls0_obj18.jpg'}]",data\input_images\image_1\crop_0046_conf_0.97.jpg
__Unknown__,True,['low_score'],0.74,0.0,Adoralle__Adoralle Alimentos Rosquinhas Coco,0.6454042434692383,,,,"[('Adoralle__Adoralle Alimentos Rosquinhas Coco', 0.6454042434692383)]","[{'label': 'Adoralle__Adoralle Alimentos Rosquinhas Coco', 'score': 0.6604602336883545, 'path': 'data/datasetv6_crops\\Adoralle\\Adoralle Alimentos Rosquinhas Coco\\train_IMG_5239-REDACTED_jpeg.rf.39320bde296156ac83f5539aacae234d_obj46.jpg'}, {'label': 'Adoralle__Adoralle Alimentos Rosquinhas Coco', 'score': 0.6472244262695312, 'path': 'data/datasetv6_crops\\Adoralle\\Adoralle Alimentos Rosquinhas Coco\\train_IMG_0484-REDACTED_jpeg.rf.8ace1d1de4156ba5b78fb0e1d45bc3c8_crop_4.jpg'}, {'label': 'Adoralle__Adoralle Alimentos Rosquinhas Coco', 'score': 0.6443850994110107, 'path': 'data/datasetv6_crops\\Adoralle\\Adoralle Alimentos Rosquinhas Coco\\train_IMG_0484-REDACTED_jpeg.rf.8ace1d1de4156ba5b78fb0e1d45bc3c8_crop_9.jpg'}, {'label': 'Adoralle__Adoralle Alimentos Rosquinhas Coco', 'score': 0.641559362411499, 'path': 'data/datasetv6_crops\\Adoralle\\Adoralle Alimentos Rosquinhas Coco\\train_IMG_0484-REDACTED_jpeg.rf.8ace1d1de4156ba5b78fb0e1d45bc3c8_crop_19.jpg'}, {'label': 'Adoralle__Adoralle Alimentos Rosquinhas Coco', 'score': 0.6333920955657959, 'path': 'data/datasetv6_crops\\Adoralle\\Adoralle Alimentos Rosquinhas Coco\\crop_00292_Foto-10-06-2026-14-32-49_jpg.rf.c0ad90cfb6158320698c586da01ed36c_cls0_obj13.jpg'}]",data\input_images\image_1\crop_0047_conf_0.97.jpg
__Unknown__,True,['low_score'],0.74,0.0,RANCHEIRO__RANCHEIRO ROSQUINHA DE CHOCOLATE RANCHEIRO,0.6814159154891968,Adoralle__Adoralle Alimentos Rosquinhas Coco,0.6592844724655151,0.02213144302368164,"[('RANCHEIRO__RANCHEIRO ROSQUINHA DE CHOCOLATE RANCHEIRO', 0.6814159154891968), ('Adoralle__Adoralle Alimentos Rosquinhas Coco', 0.6592844724655151)]","[{'label': 'RANCHEIRO__RANCHEIRO ROSQUINHA DE CHOCOLATE RANCHEIRO', 'score': 0.6814159154891968, 'path': 'data/datasetv6_crops\\RANCHEIRO\\RANCHEIRO ROSQUINHA DE CHOCOLATE RANCHEIRO\\crop_00113_IMG_0932_JPG.rf.6b9379287f20aef455e88907324b0998_cls0_obj3.jpg'}, {'label': 'Adoralle__Adoralle Alimentos Rosquinhas Coco', 'score': 0.6643686294555664, 'path': 'data/datasetv6_crops\\Adoralle\\Adoralle Alimentos Rosquinhas Coco\\crop_00180_IMG_20260610_111623939_jpg.rf.3ab52977b4bcdded408dd84594455fd0_cls0_obj24.jpg'}, {'label': 'Adoralle__Adoralle Alimentos Rosquinhas Coco', 'score': 0.6591376066207886, 'path': 'data/datasetv6_crops\\Adoralle\\Adoralle Alimentos Rosquinhas Coco\\train_IMG_0484-REDACTED_jpeg.rf.8ace1d1de4156ba5b78fb0e1d45bc3c8_crop_9.jpg'}, {'label': 'Adoralle__Adoralle Alimentos Rosquinhas Coco', 'score': 0.6578464508056641, 'path': 'data/datasetv6_crops\\Adoralle\\Adoralle Alimentos Rosquinhas Coco\\crop_00176_IMG_20260610_111623939_jpg.rf.3ab52977b4bcdded408dd84594455fd0_cls0_obj20.jpg'}, {'label': 'Adoralle__Adoralle Alimentos Rosquinhas Coco', 'score': 0.6557852029800415, 'path': 'data/datasetv6_crops\\Adoralle\\Adoralle Alimentos Rosquinhas Coco\\crop_00174_IMG_20260610_111623939_jpg.rf.3ab52977b4bcdded408dd84594455fd0_cls0_obj18.jpg'}]",data\input_images\image_1\crop_0048_conf_0.97.jpg
__Unknown__,True,['low_score'],0.74,0.0,Adoralle__Adoralle Alimentos Rosquinhas Coco,0.7097155332565308,,,,"[('Adoralle__Adoralle Alimentos Rosquinhas Coco', 0.7097155332565308)]","[{'label': 'Adoralle__Adoralle Alimentos Rosquinhas Coco', 'score': 0.7251202464103699, 'path': 'data/datasetv6_crops\\Adoralle\\Adoralle Alimentos Rosquinhas Coco\\crop_00174_IMG_20260610_111623939_jpg.rf.3ab52977b4bcdded408dd84594455fd0_cls0_obj18.jpg'}, {'label': 'Adoralle__Adoralle Alimentos Rosquinhas Coco', 'score': 0.7079811096191406, 'path': 'data/datasetv6_crops\\Adoralle\\Adoralle Alimentos Rosquinhas Coco\\crop_00178_IMG_20260610_111623939_jpg.rf.3ab52977b4bcdded408dd84594455fd0_cls0_obj22.jpg'}, {'label': 'Adoralle__Adoralle Alimentos Rosquinhas Coco', 'score': 0.7066468596458435, 'path': 'data/datasetv6_crops\\Adoralle\\Adoralle Alimentos Rosquinhas Coco\\crop_00296_Foto-10-06-2026-14-32-49_jpg.rf.c0ad90cfb6158320698c586da01ed36c_cls0_obj17.jpg'}, {'label': 'Adoralle__Adoralle Alimentos Rosquinhas Coco', 'score': 0.7065699696540833, 'path': 'data/datasetv6_crops\\Adoralle\\Adoralle Alimentos Rosquinhas Coco\\train_IMG_5239-REDACTED_jpeg.rf.39320bde296156ac83f5539aacae234d_obj46.jpg'}, {'label': 'Adoralle__Adoralle Alimentos Rosquinhas Coco', 'score': 0.7022594809532166, 'path': 'data/datasetv6_crops\\Adoralle\\Adoralle Alimentos Rosquinhas Coco\\train_IMG_0484-REDACTED_jpeg.rf.8ace1d1de4156ba5b78fb0e1d45bc3c8_crop_9.jpg'}]",data\input_images\image_1\crop_0049_conf_0.96.jpg
__Unknown__,True,['low_score'],0.68,-0.05999999999999994,Mabel__Mabel Rosquinha Mabel Sabor Coco,0.5858246684074402,RANCHEIRO__RANCHEIRO ROSQUINHA DE CHOCOLATE RANCHEIRO,0.5786579251289368,0.007166743278503418,"[('Mabel__Mabel Rosquinha Mabel Sabor Coco', 0.5858246684074402), ('RANCHEIRO__RANCHEIRO ROSQUINHA DE CHOCOLATE RANCHEIRO', 0.5786579251289368)]","[{'label': 'RANCHEIRO__RANCHEIRO ROSQUINHA DE CHOCOLATE RANCHEIRO', 'score': 0.6155067682266235, 'path': 'data/datasetv6_crops\\RANCHEIRO\\RANCHEIRO ROSQUINHA DE CHOCOLATE RANCHEIRO\\crop_00113_IMG_0932_JPG.rf.6b9379287f20aef455e88907324b0998_cls0_obj3.jpg'}, {'label': 'Mabel__Mabel Rosquinha Mabel Sabor Coco', 'score': 0.5858246684074402, 'path': 'data/datasetv6_crops\\Mabel\\Mabel Rosquinha Mabel Sabor Coco\\train_IMG_20260321_195234837-REDACTED_jpg.rf.2f95b2610106f5576ca7b230417d7a0d_crop_16.jpg'}, {'label': 'RANCHEIRO__RANCHEIRO ROSQUINHA DE CHOCOLATE RANCHEIRO', 'score': 0.5777931213378906, 'path': 'data/datasetv6_crops\\RANCHEIRO\\RANCHEIRO ROSQUINHA DE CHOCOLATE RANCHEIRO\\crop_00107_IMG_0859_JPG.rf.5aa256f34fff06f3eb25948617337682_cls0_obj1.jpg'}, {'label': 'RANCHEIRO__RANCHEIRO ROSQUINHA DE CHOCOLATE RANCHEIRO', 'score': 0.5635571479797363, 'path': 'data/datasetv6_crops\\RANCHEIRO\\RANCHEIRO ROSQUINHA DE CHOCOLATE RANCHEIRO\\crop_00106_IMG_0859_JPG.rf.5aa256f34fff06f3eb25948617337682_cls0_obj0.jpg'}, {'label': 'RANCHEIRO__RANCHEIRO ROSQUINHA DE CHOCOLATE RANCHEIRO', 'score': 0.5577746629714966, 'path': 'data/datasetv6_crops\\RANCHEIRO\\RANCHEIRO ROSQUINHA DE CHOCOLATE RANCHEIRO\\IMG_20260525_211231735-REDACTED_jpg.rf.11c1604d00785239ec44404c0d5c763e_crop1.jpg'}]",data\input_images\image_1\crop_0050_conf_0.96.jpg
__Unknown__,True,['low_score'],0.74,0.0,Mabel__Mabel Laminado Doce Mabel Sabor Leite,0.5934516191482544,RANCHEIRO__RANCHEIRO ROSQUINHA DE COCO RANCHEIRO,0.5572659373283386,0.03618568181991577,"[('Mabel__Mabel Laminado Doce Mabel Sabor Leite', 0.5934516191482544), ('RANCHEIRO__RANCHEIRO ROSQUINHA DE COCO RANCHEIRO', 0.5572659373283386), ('RANCHEIRO__RANCHEIRO COOKIES RANCHEIRO', 0.5523672103881836)]","[{'label': 'Mabel__Mabel Laminado Doce Mabel Sabor Leite', 'score': 0.628980278968811, 'path': 'data/datasetv6_crops\\Mabel\\Mabel Laminado Doce Mabel Sabor Leite\\train_IMG_20260309_193620747-REDACTED_jpg.rf.b6bfa1ab3c0c1e27a834e6f7ebdde5d4_crop_212.jpg'}, {'label': 'RANCHEIRO__RANCHEIRO ROSQUINHA DE COCO RANCHEIRO', 'score': 0.5606313943862915, 'path': 'data/datasetv6_crops\\RANCHEIRO\\RANCHEIRO ROSQUINHA DE COCO RANCHEIRO\\train_18_jpg.rf.a99bbd3050d507dc850aba61b1a9a562_crop_0.jpg'}, {'label': 'Mabel__Mabel Laminado Doce Mabel Sabor Leite', 'score': 0.5579229593276978, 'path': 'data/datasetv6_crops\\Mabel\\Mabel Laminado Doce Mabel Sabor Leite\\train_IMG_20260309_193618302-REDACTED_jpg.rf.75ab74650435bea58348b5abc0b9c3ea_crop_191.jpg'}, {'label': 'RANCHEIRO__RANCHEIRO ROSQUINHA DE COCO RANCHEIRO', 'score': 0.5539004802703857, 'path': 'data/datasetv6_crops\\RANCHEIRO\\RANCHEIRO ROSQUINHA DE COCO RANCHEIRO\\train_WhatsApp-Image-2026-03-25-at-00-34-17_jpeg.rf.6ee1f01097c360d3605332562fd5c8ae_crop_34.jpg'}, {'label': 'RANCHEIRO__RANCHEIRO COOKIES RANCHEIRO', 'score': 0.5523672103881836, 'path': 'data/datasetv6_crops\\RANCHEIRO\\RANCHEIRO COOKIES RANCHEIRO\\train_IMG_20260322_173000-REDACTED_jpg.rf.4f4b9a7f9befd66441f91190f8db7dcc_crop_12.jpg'}]",data\input_images\image_1\crop_0051_conf_0.96.jpg
__Unknown__,True,['low_score'],0.74,0.0,RANCHEIRO__RANCHEIRO ROSQUINHA DE CHOCOLATE RANCHEIRO,0.587649130821228,,,,"[('RANCHEIRO__RANCHEIRO ROSQUINHA DE CHOCOLATE RANCHEIRO', 0.587649130821228)]","[{'label': 'RANCHEIRO__RANCHEIRO ROSQUINHA DE CHOCOLATE RANCHEIRO', 'score': 0.614326536655426, 'path': 'data/datasetv6_crops\\RANCHEIRO\\RANCHEIRO ROSQUINHA DE CHOCOLATE RANCHEIRO\\crop_00113_IMG_0932_JPG.rf.6b9379287f20aef455e88907324b0998_cls0_obj3.jpg'}, {'label': 'RANCHEIRO__RANCHEIRO ROSQUINHA DE CHOCOLATE RANCHEIRO', 'score': 0.5982165336608887, 'path': 'data/datasetv6_crops\\RANCHEIRO\\RANCHEIRO ROSQUINHA DE CHOCOLATE RANCHEIRO\\crop_00106_IMG_0859_JPG.rf.5aa256f34fff06f3eb25948617337682_cls0_obj0.jpg'}, {'label': 'RANCHEIRO__RANCHEIRO ROSQUINHA DE CHOCOLATE RANCHEIRO', 'score': 0.5860635638237, 'path': 'data/datasetv6_crops\\RANCHEIRO\\RANCHEIRO ROSQUINHA DE CHOCOLATE RANCHEIRO\\crop_00107_IMG_0859_JPG.rf.5aa256f34fff06f3eb25948617337682_cls0_obj1.jpg'}, {'label': 'RANCHEIRO__RANCHEIRO ROSQUINHA DE CHOCOLATE RANCHEIRO', 'score': 0.5715112686157227, 'path': 'data/datasetv6_crops\\RANCHEIRO\\RANCHEIRO ROSQUINHA DE CHOCOLATE RANCHEIRO\\crop_00112_IMG_0932_JPG.rf.6b9379287f20aef455e88907324b0998_cls0_obj2.jpg'}, {'label': 'RANCHEIRO__RANCHEIRO ROSQUINHA DE CHOCOLATE RANCHEIRO', 'score': 0.5681277513504028, 'path': 'data/datasetv6_crops\\RANCHEIRO\\RANCHEIRO ROSQUINHA DE CHOCOLATE RANCHEIRO\\train_IMG_2174_jpeg.rf.44f437e7793cd4257e44ac6963886830_crop_15.jpg'}]",data\input_images\image_1\crop_0052_conf_0.96.jpg
Mabel__Mabel Rosquinha Mabel Sabor Coco,False,[],0.68,-0.05999999999999994,Mabel__Mabel Rosquinha Mabel Sabor Coco,0.7041397094726562,Adoralle__Adoralle Alimentos Rosquinhas Coco,0.6868591010570526,0.017280608415603638,"[('Mabel__Mabel Rosquinha Mabel Sabor Coco', 0.7041397094726562), ('Adoralle__Adoralle Alimentos Rosquinhas Coco', 0.6868591010570526)]","[{'label': 'Mabel__Mabel Rosquinha Mabel Sabor Coco', 'score': 0.7041397094726562, 'path': 'data/datasetv6_crops\\Mabel\\Mabel Rosquinha Mabel Sabor Coco\\crop_00023_IMG_20260610_115355437_jpg.rf.74e628d4b1a310cf28354aaf4f6be1dc_cls0_obj23.jpg'}, {'label': 'Adoralle__Adoralle Alimentos Rosquinhas Coco', 'score': 0.7000745534896851, 'path': 'data/datasetv6_crops\\Adoralle\\Adoralle Alimentos Rosquinhas Coco\\crop_00178_IMG_20260610_111623939_jpg.rf.3ab52977b4bcdded408dd84594455fd0_cls0_obj22.jpg'}, {'label': 'Adoralle__Adoralle Alimentos Rosquinhas Coco', 'score': 0.6923636198043823, 'path': 'data/datasetv6_crops\\Adoralle\\Adoralle Alimentos Rosquinhas Coco\\crop_00174_IMG_20260610_111623939_jpg.rf.3ab52977b4bcdded408dd84594455fd0_cls0_obj18.jpg'}, {'label': 'Adoralle__Adoralle Alimentos Rosquinhas Coco', 'score': 0.677923321723938, 'path': 'data/datasetv6_crops\\Adoralle\\Adoralle Alimentos Rosquinhas Coco\\crop_00180_IMG_20260610_111623939_jpg.rf.3ab52977b4bcdded408dd84594455fd0_cls0_obj24.jpg'}, {'label': 'Adoralle__Adoralle Alimentos Rosquinhas Coco', 'score': 0.6770749092102051, 'path': 'data/datasetv6_crops\\Adoralle\\Adoralle Alimentos Rosquinhas Coco\\train_IMG_0484-REDACTED_jpeg.rf.8ace1d1de4156ba5b78fb0e1d45bc3c8_crop_2.jpg'}]",data\input_images\image_1\crop_0053_conf_0.96.jpg
Adoralle__Adoralle Alimentos Rosquinhas Coco,False,[],0.74,0.0,Adoralle__Adoralle Alimentos Rosquinhas Coco,0.8127322196960449,,,,"[('Adoralle__Adoralle Alimentos Rosquinhas Coco', 0.8127322196960449)]","[{'label': 'Adoralle__Adoralle Alimentos Rosquinhas Coco', 'score': 0.8327006101608276, 'path': 'data/datasetv6_crops\\Adoralle\\Adoralle Alimentos Rosquinhas Coco\\crop_00177_IMG_20260610_111623939_jpg.rf.3ab52977b4bcdded408dd84594455fd0_cls0_obj21.jpg'}, {'label': 'Adoralle__Adoralle Alimentos Rosquinhas Coco', 'score': 0.8241426944732666, 'path': 'data/datasetv6_crops\\Adoralle\\Adoralle Alimentos Rosquinhas Coco\\crop_00180_IMG_20260610_111623939_jpg.rf.3ab52977b4bcdded408dd84594455fd0_cls0_obj24.jpg'}, {'label': 'Adoralle__Adoralle Alimentos Rosquinhas Coco', 'score': 0.8075671195983887, 'path': 'data/datasetv6_crops\\Adoralle\\Adoralle Alimentos Rosquinhas Coco\\crop_00176_IMG_20260610_111623939_jpg.rf.3ab52977b4bcdded408dd84594455fd0_cls0_obj20.jpg'}, {'label': 'Adoralle__Adoralle Alimentos Rosquinhas Coco', 'score': 0.8007439970970154, 'path': 'data/datasetv6_crops\\Adoralle\\Adoralle Alimentos Rosquinhas Coco\\train_IMG_0484-REDACTED_jpeg.rf.8ace1d1de4156ba5b78fb0e1d45bc3c8_crop_11.jpg'}, {'label': 'Adoralle__Adoralle Alimentos Rosquinhas Coco', 'score': 0.7985066771507263, 'path': 'data/datasetv6_crops\\Adoralle\\Adoralle Alimentos Rosquinhas Coco\\crop_00178_IMG_20260610_111623939_jpg.rf.3ab52977b4bcdded408dd84594455fd0_cls0_obj22.jpg'}]",data\input_images\image_1\crop_0054_conf_0.96.jpg
__Unknown__,True,['low_score'],0.74,0.0,RANCHEIRO__RANCHEIRO ROSQUINHA DE CHOCOLATE RANCHEIRO,0.65978076060613,Adoralle__Adoralle Alimentos Rosquinhas Coco,0.648165374994278,0.011615385611852047,"[('RANCHEIRO__RANCHEIRO ROSQUINHA DE CHOCOLATE RANCHEIRO', 0.65978076060613), ('Adoralle__Adoralle Alimentos Rosquinhas Coco', 0.648165374994278)]","[{'label': 'RANCHEIRO__RANCHEIRO ROSQUINHA DE CHOCOLATE RANCHEIRO', 'score': 0.6903844475746155, 'path': 'data/datasetv6_crops\\RANCHEIRO\\RANCHEIRO ROSQUINHA DE CHOCOLATE RANCHEIRO\\crop_00113_IMG_0932_JPG.rf.6b9379287f20aef455e88907324b0998_cls0_obj3.jpg'}, {'label': 'Adoralle__Adoralle Alimentos Rosquinhas Coco', 'score': 0.6523787975311279, 'path': 'data/datasetv6_crops\\Adoralle\\Adoralle Alimentos Rosquinhas Coco\\crop_00174_IMG_20260610_111623939_jpg.rf.3ab52977b4bcdded408dd84594455fd0_cls0_obj18.jpg'}, {'label': 'RANCHEIRO__RANCHEIRO ROSQUINHA DE CHOCOLATE RANCHEIRO', 'score': 0.6512264013290405, 'path': 'data/datasetv6_crops\\RANCHEIRO\\RANCHEIRO ROSQUINHA DE CHOCOLATE RANCHEIRO\\crop_00107_IMG_0859_JPG.rf.5aa256f34fff06f3eb25948617337682_cls0_obj1.jpg'}, {'label': 'Adoralle__Adoralle Alimentos Rosquinhas Coco', 'score': 0.643951952457428, 'path': 'data/datasetv6_crops\\Adoralle\\Adoralle Alimentos Rosquinhas Coco\\train_IMG_0484-REDACTED_jpeg.rf.8ace1d1de4156ba5b78fb0e1d45bc3c8_crop_9.jpg'}, {'label': 'RANCHEIRO__RANCHEIRO ROSQUINHA DE CHOCOLATE RANCHEIRO', 'score': 0.6377314329147339, 'path': 'data/datasetv6_crops\\RANCHEIRO\\RANCHEIRO ROSQUINHA DE CHOCOLATE RANCHEIRO\\crop_00112_IMG_0932_JPG.rf.6b9379287f20aef455e88907324b0998_cls0_obj2.jpg'}]",data\input_images\image_1\crop_0055_conf_0.96.jpg
__Unknown__,True,['low_score'],0.74,0.0,Mabel__Mabel Amanteigado Mabel Sabor Chocolate,0.6743651270866394,,,,"[('Mabel__Mabel Amanteigado Mabel Sabor Chocolate', 0.6743651270866394)]","[{'label': 'Mabel__Mabel Amanteigado Mabel Sabor Chocolate', 'score': 0.6968565583229065, 'path': 'data/datasetv6_crops\\Mabel\\Mabel Amanteigado Mabel Sabor Chocolate\\crop_00033_IMG_20260610_115255641_jpg.rf.49b35e26cf51aee24f46f834d0a99c66_cls0_obj4.jpg'}, {'label': 'Mabel__Mabel Amanteigado Mabel Sabor Chocolate', 'score': 0.6758196353912354, 'path': 'data/datasetv6_crops\\Mabel\\Mabel Amanteigado Mabel Sabor Chocolate\\crop_00029_IMG_20260610_115255641_jpg.rf.49b35e26cf51aee24f46f834d0a99c66_cls0_obj0.jpg'}, {'label': 'Mabel__Mabel Amanteigado Mabel Sabor Chocolate', 'score': 0.6741601824760437, 'path': 'data/datasetv6_crops\\Mabel\\Mabel Amanteigado Mabel Sabor Chocolate\\crop_00032_IMG_20260610_115255641_jpg.rf.49b35e26cf51aee24f46f834d0a99c66_cls0_obj3.jpg'}, {'label': 'Mabel__Mabel Amanteigado Mabel Sabor Chocolate', 'score': 0.6645134687423706, 'path': 'data/datasetv6_crops\\Mabel\\Mabel Amanteigado Mabel Sabor Chocolate\\crop_00036_IMG_20260610_115255641_jpg.rf.49b35e26cf51aee24f46f834d0a99c66_cls0_obj7.jpg'}, {'label': 'Mabel__Mabel Amanteigado Mabel Sabor Chocolate', 'score': 0.6604757905006409, 'path': 'data/datasetv6_crops\\Mabel\\Mabel Amanteigado Mabel Sabor Chocolate\\crop_00034_IMG_20260610_115255641_jpg.rf.49b35e26cf51aee24f46f834d0a99c66_cls0_obj5.jpg'}]",data\input_images\image_1\crop_0056_conf_0.96.jpg
__Unknown__,True,['low_score'],0.69,-0.050000000000000044,Mabel__Mabel Rosquinha Mabel Sabor Chocolate,0.6762156128883362,,,,"[('Mabel__Mabel Rosquinha Mabel Sabor Chocolate', 0.6762156128883362)]","[{'label': 'Mabel__Mabel Rosquinha Mabel Sabor Chocolate', 'score': 0.6988106966018677, 'path': 'data/datasetv6_crops\\Mabel\\Mabel Rosquinha Mabel Sabor Chocolate\\train_IMG_20260309_202019379-REDACTED_jpg.rf.9ff6e869b2dae1bbd6112a80fb7952b2_crop_8.jpg'}, {'label': 'Mabel__Mabel Rosquinha Mabel Sabor Chocolate', 'score': 0.6809184551239014, 'path': 'data/datasetv6_crops\\Mabel\\Mabel Rosquinha Mabel Sabor Chocolate\\train_IMG_20260309_202018563-REDACTED_jpg.rf.26b3fce9fb86693550f0eef19a1f2579_crop_8.jpg'}, {'label': 'Mabel__Mabel Rosquinha Mabel Sabor Chocolate', 'score': 0.6736869812011719, 'path': 'data/datasetv6_crops\\Mabel\\Mabel Rosquinha Mabel Sabor Chocolate\\valid_79_jpg.rf.d0cea3b917e195a5f6480abf75c42e26_crop_20.jpg'}, {'label': 'Mabel__Mabel Rosquinha Mabel Sabor Chocolate', 'score': 0.6675306558609009, 'path': 'data/datasetv6_crops\\Mabel\\Mabel Rosquinha Mabel Sabor Chocolate\\train_38_jpg.rf.9f745a19c9c4c35eb7e25c5b36f69f4e_crop_9.jpg'}, {'label': 'Mabel__Mabel Rosquinha Mabel Sabor Chocolate', 'score': 0.6601312756538391, 'path': 'data/datasetv6_crops\\Mabel\\Mabel Rosquinha Mabel Sabor Chocolate\\valid_79_jpg.rf.d0cea3b917e195a5f6480abf75c42e26_crop_15.jpg'}]",data\input_images\image_1\crop_0057_conf_0.96.jpg
__Unknown__,True,['low_score'],0.74,0.0,Adoralle__Adoralle Alimentos Rosquinhas Coco,0.6925371686617533,RANCHEIRO__RANCHEIRO ROSQUINHA DE CHOCOLATE RANCHEIRO,0.6904935538768768,0.0020436147848764685,"[('Adoralle__Adoralle Alimentos Rosquinhas Coco', 0.6925371686617533), ('RANCHEIRO__RANCHEIRO ROSQUINHA DE CHOCOLATE RANCHEIRO', 0.6904935538768768)]","[{'label': 'Adoralle__Adoralle Alimentos Rosquinhas Coco', 'score': 0.7048697471618652, 'path': 'data/datasetv6_crops\\Adoralle\\Adoralle Alimentos Rosquinhas Coco\\crop_00174_IMG_20260610_111623939_jpg.rf.3ab52977b4bcdded408dd84594455fd0_cls0_obj18.jpg'}, {'label': 'RANCHEIRO__RANCHEIRO ROSQUINHA DE CHOCOLATE RANCHEIRO', 'score': 0.7000744938850403, 'path': 'data/datasetv6_crops\\RANCHEIRO\\RANCHEIRO ROSQUINHA DE CHOCOLATE RANCHEIRO\\crop_00113_IMG_0932_JPG.rf.6b9379287f20aef455e88907324b0998_cls0_obj3.jpg'}, {'label': 'Adoralle__Adoralle Alimentos Rosquinhas Coco', 'score': 0.6938419342041016, 'path': 'data/datasetv6_crops\\Adoralle\\Adoralle Alimentos Rosquinhas Coco\\train_IMG_0484-REDACTED_jpeg.rf.8ace1d1de4156ba5b78fb0e1d45bc3c8_crop_2.jpg'}, {'label': 'RANCHEIRO__RANCHEIRO ROSQUINHA DE CHOCOLATE RANCHEIRO', 'score': 0.6809126138687134, 'path': 'data/datasetv6_crops\\RANCHEIRO\\RANCHEIRO ROSQUINHA DE CHOCOLATE RANCHEIRO\\crop_00106_IMG_0859_JPG.rf.5aa256f34fff06f3eb25948617337682_cls0_obj0.jpg'}, {'label': 'Adoralle__Adoralle Alimentos Rosquinhas Coco', 'score': 0.6788998246192932, 'path': 'data/datasetv6_crops\\Adoralle\\Adoralle Alimentos Rosquinhas Coco\\train_IMG_0484-REDACTED_jpeg.rf.8ace1d1de4156ba5b78fb0e1d45bc3c8_crop_31.jpg'}]",data\input_images\image_1\crop_0058_conf_0.96.jpg
__Unknown__,True,['low_score'],0.74,0.0,Adoralle__Adoralle Alimentos Rosquinhas Coco,0.5712143629789352,Mabel__Mabel Rosquinha Mabel Sabor Leite,0.5557682514190674,0.015446111559867859,"[('Adoralle__Adoralle Alimentos Rosquinhas Coco', 0.5712143629789352), ('Mabel__Mabel Rosquinha Mabel Sabor Leite', 0.5557682514190674)]","[{'label': 'Adoralle__Adoralle Alimentos Rosquinhas Coco', 'score': 0.5812010765075684, 'path': 'data/datasetv6_crops\\Adoralle\\Adoralle Alimentos Rosquinhas Coco\\train_IMG_0484-REDACTED_jpeg.rf.8ace1d1de4156ba5b78fb0e1d45bc3c8_crop_11.jpg'}, {'label': 'Adoralle__Adoralle Alimentos Rosquinhas Coco', 'score': 0.577052116394043, 'path': 'data/datasetv6_crops\\Adoralle\\Adoralle Alimentos Rosquinhas Coco\\train_IMG_0484-REDACTED_jpeg.rf.8ace1d1de4156ba5b78fb0e1d45bc3c8_crop_22.jpg'}, {'label': 'Adoralle__Adoralle Alimentos Rosquinhas Coco', 'score': 0.5642908811569214, 'path': 'data/datasetv6_crops\\Adoralle\\Adoralle Alimentos Rosquinhas Coco\\crop_00176_IMG_20260610_111623939_jpg.rf.3ab52977b4bcdded408dd84594455fd0_cls0_obj20.jpg'}, {'label': 'Adoralle__Adoralle Alimentos Rosquinhas Coco', 'score': 0.5623133778572083, 'path': 'data/datasetv6_crops\\Adoralle\\Adoralle Alimentos Rosquinhas Coco\\crop_00180_IMG_20260610_111623939_jpg.rf.3ab52977b4bcdded408dd84594455fd0_cls0_obj24.jpg'}, {'label': 'Mabel__Mabel Rosquinha Mabel Sabor Leite', 'score': 0.5557682514190674, 'path': 'data/datasetv6_crops\\Mabel\\Mabel Rosquinha Mabel Sabor Leite\\crop_00159_IMG_20260610_111623939_jpg.rf.3ab52977b4bcdded408dd84594455fd0_cls0_obj3.jpg'}]",data\input_images\image_1\crop_0059_conf_0.96.jpg
Mabel__Mabel Rosquinha Mabel Sabor Coco,False,[],0.68,-0.05999999999999994,Mabel__Mabel Rosquinha Mabel Sabor Coco,0.9237394690513611,,,,"[('Mabel__Mabel Rosquinha Mabel Sabor Coco', 0.9237394690513611)]","[{'label': 'Mabel__Mabel Rosquinha Mabel Sabor Coco', 'score': 0.9525886178016663, 'path': 'data/datasetv6_crops\\Mabel\\Mabel Rosquinha Mabel Sabor Coco\\crop_00094_IMG_0831_JPG.rf.4e39ef000705ae9f589973a99b200d45_cls0_obj6.jpg'}, {'label': 'Mabel__Mabel Rosquinha Mabel Sabor Coco', 'score': 0.9232698678970337, 'path': 'data/datasetv6_crops\\Mabel\\Mabel Rosquinha Mabel Sabor Coco\\crop_00093_IMG_0831_JPG.rf.4e39ef000705ae9f589973a99b200d45_cls0_obj5.jpg'}, {'label': 'Mabel__Mabel Rosquinha Mabel Sabor Coco', 'score': 0.9169343709945679, 'path': 'data/datasetv6_crops\\Mabel\\Mabel Rosquinha Mabel Sabor Coco\\crop_00091_IMG_0831_JPG.rf.4e39ef000705ae9f589973a99b200d45_cls0_obj3.jpg'}, {'label': 'Mabel__Mabel Rosquinha Mabel Sabor Coco', 'score': 0.9141095876693726, 'path': 'data/datasetv6_crops\\Mabel\\Mabel Rosquinha Mabel Sabor Coco\\crop_00167_IMG_20260610_111623939_jpg.rf.3ab52977b4bcdded408dd84594455fd0_cls0_obj11.jpg'}, {'label': 'Mabel__Mabel Rosquinha Mabel Sabor Coco', 'score': 0.911794900894165, 'path': 'data/datasetv6_crops\\Mabel\\Mabel Rosquinha Mabel Sabor Coco\\crop_00088_IMG_0831_JPG.rf.4e39ef000705ae9f589973a99b200d45_cls0_obj0.jpg'}]",data\input_images\image_1\crop_0060_conf_0.96.jpg
__Unknown__,True,['low_score'],0.74,0.0,Adoralle__Adoralle Alimentos Rosquinhas Coco,0.621460747718811,,,,"[('Adoralle__Adoralle Alimentos Rosquinhas Coco', 0.621460747718811)]","[{'label': 'Adoralle__Adoralle Alimentos Rosquinhas Coco', 'score': 0.6486387848854065, 'path': 'data/datasetv6_crops\\Adoralle\\Adoralle Alimentos Rosquinhas Coco\\train_IMG_0484-REDACTED_jpeg.rf.8ace1d1de4156ba5b78fb0e1d45bc3c8_crop_22.jpg'}, {'label': 'Adoralle__Adoralle Alimentos Rosquinhas Coco', 'score': 0.6197782158851624, 'path': 'data/datasetv6_crops\\Adoralle\\Adoralle Alimentos Rosquinhas Coco\\train_IMG_0484-REDACTED_jpeg.rf.8ace1d1de4156ba5b78fb0e1d45bc3c8_crop_10.jpg'}, {'label': 'Adoralle__Adoralle Alimentos Rosquinhas Coco', 'score': 0.616641104221344, 'path': 'data/datasetv6_crops\\Adoralle\\Adoralle Alimentos Rosquinhas Coco\\train_IMG_0484-REDACTED_jpeg.rf.8ace1d1de4156ba5b78fb0e1d45bc3c8_crop_6.jpg'}, {'label': 'Adoralle__Adoralle Alimentos Rosquinhas Coco', 'score': 0.612449049949646, 'path': 'data/datasetv6_crops\\Adoralle\\Adoralle Alimentos Rosquinhas Coco\\crop_00176_IMG_20260610_111623939_jpg.rf.3ab52977b4bcdded408dd84594455fd0_cls0_obj20.jpg'}, {'label': 'Adoralle__Adoralle Alimentos Rosquinhas Coco', 'score': 0.6097965836524963, 'path': 'data/datasetv6_crops\\Adoralle\\Adoralle Alimentos Rosquinhas Coco\\train_IMG_5212-REDACTED_jpeg.rf.528bb333ace77d145afe8299a10fd074_obj9.jpg'}]",data\input_images\image_1\crop_0061_conf_0.96.jpg
__Unknown__,True,['low_score'],0.74,0.0,RANCHEIRO__RANCHEIRO ROSQUINHA DE CHOCOLATE RANCHEIRO,0.6563239991664886,Adoralle__Adoralle Alimentos Rosquinhas Coco,0.6283687551816305,0.027955243984858158,"[('RANCHEIRO__RANCHEIRO ROSQUINHA DE CHOCOLATE RANCHEIRO', 0.6563239991664886), ('Adoralle__Adoralle Alimentos Rosquinhas Coco', 0.6283687551816305)]","[{'label': 'RANCHEIRO__RANCHEIRO ROSQUINHA DE CHOCOLATE RANCHEIRO', 'score': 0.6644730567932129, 'path': 'data/datasetv6_crops\\RANCHEIRO\\RANCHEIRO ROSQUINHA DE CHOCOLATE RANCHEIRO\\crop_00113_IMG_0932_JPG.rf.6b9379287f20aef455e88907324b0998_cls0_obj3.jpg'}, {'label': 'RANCHEIRO__RANCHEIRO ROSQUINHA DE CHOCOLATE RANCHEIRO', 'score': 0.6481749415397644, 'path': 'data/datasetv6_crops\\RANCHEIRO\\RANCHEIRO ROSQUINHA DE CHOCOLATE RANCHEIRO\\crop_00107_IMG_0859_JPG.rf.5aa256f34fff06f3eb25948617337682_cls0_obj1.jpg'}, {'label': 'Adoralle__Adoralle Alimentos Rosquinhas Coco', 'score': 0.6338613033294678, 'path': 'data/datasetv6_crops\\Adoralle\\Adoralle Alimentos Rosquinhas Coco\\crop_00174_IMG_20260610_111623939_jpg.rf.3ab52977b4bcdded408dd84594455fd0_cls0_obj18.jpg'}, {'label': 'Adoralle__Adoralle Alimentos Rosquinhas Coco', 'score': 0.627306342124939, 'path': 'data/datasetv6_crops\\Adoralle\\Adoralle Alimentos Rosquinhas Coco\\train_IMG_0484-REDACTED_jpeg.rf.8ace1d1de4156ba5b78fb0e1d45bc3c8_crop_9.jpg'}, {'label': 'Adoralle__Adoralle Alimentos Rosquinhas Coco', 'score': 0.6239386200904846, 'path': 'data/datasetv6_crops\\Adoralle\\Adoralle Alimentos Rosquinhas Coco\\train_IMG_0484-REDACTED_jpeg.rf.8ace1d1de4156ba5b78fb0e1d45bc3c8_crop_2.jpg'}]",data\input_images\image_1\crop_0062_conf_0.96.jpg
__Unknown__,True,['low_score'],0.65,-0.08999999999999997,RANCHEIRO__RANCHEIRO ROSQUINHA DE COCO RANCHEIRO,0.617757648229599,Mabel__Mabel Rosquinha Mabel Sabor Coco,0.6124069690704346,0.005350679159164429,"[('RANCHEIRO__RANCHEIRO ROSQUINHA DE COCO RANCHEIRO', 0.617757648229599), ('Mabel__Mabel Rosquinha Mabel Sabor Coco', 0.6124069690704346), ('Adoralle__Adoralle Alimentos Rosquinhas Coco', 0.6050059199333191)]","[{'label': 'RANCHEIRO__RANCHEIRO ROSQUINHA DE COCO RANCHEIRO', 'score': 0.6290903091430664, 'path': 'data/datasetv6_crops\\RANCHEIRO\\RANCHEIRO ROSQUINHA DE COCO RANCHEIRO\\train_57_jpg.rf.cee88457f06b37e9c4156c258c7a3e69_crop_14.jpg'}, {'label': 'Mabel__Mabel Rosquinha Mabel Sabor Coco', 'score': 0.6194300651550293, 'path': 'data/datasetv6_crops\\Mabel\\Mabel Rosquinha Mabel Sabor Coco\\train_1_jpg.rf.a16f72e270cb47d97c21936e105f48a1_crop_28.jpg'}, {'label': 'RANCHEIRO__RANCHEIRO ROSQUINHA DE COCO RANCHEIRO', 'score': 0.6064249873161316, 'path': 'data/datasetv6_crops\\RANCHEIRO\\RANCHEIRO ROSQUINHA DE COCO RANCHEIRO\\train_IMG_20260309_194853840-REDACTED_jpg.rf.032e5433abdb6d2502ddd2f97d98154a_crop_9.jpg'}, {'label': 'Mabel__Mabel Rosquinha Mabel Sabor Coco', 'score': 0.6053838729858398, 'path': 'data/datasetv6_crops\\Mabel\\Mabel Rosquinha Mabel Sabor Coco\\crop_00201_IMG_20260610_171200727_jpg.rf.179b647686a10320feb70c55b6e0d4ba_cls0_obj16.jpg'}, {'label': 'Adoralle__Adoralle Alimentos Rosquinhas Coco', 'score': 0.6050059199333191, 'path': 'data/datasetv6_crops\\Adoralle\\Adoralle Alimentos Rosquinhas Coco\\crop_00182_IMG_20260610_111623939_jpg.rf.3ab52977b4bcdded408dd84594455fd0_cls0_obj26.jpg'}]",data\input_images\image_1\crop_0063_conf_0.96.jpg
__Unknown__,True,['low_score'],0.74,0.0,RANCHEIRO__RANCHEIRO ROSQUINHA DE CHOCOLATE RANCHEIRO,0.6198472082614899,Adoralle__Adoralle Alimentos Rosquinhas Coco,0.5802110433578491,0.03963616490364075,"[('RANCHEIRO__RANCHEIRO ROSQUINHA DE CHOCOLATE RANCHEIRO', 0.6198472082614899), ('Adoralle__Adoralle Alimentos Rosquinhas Coco', 0.5802110433578491)]","[{'label': 'RANCHEIRO__RANCHEIRO ROSQUINHA DE CHOCOLATE RANCHEIRO', 'score': 0.6541823744773865, 'path': 'data/datasetv6_crops\\RANCHEIRO\\RANCHEIRO ROSQUINHA DE CHOCOLATE RANCHEIRO\\crop_00113_IMG_0932_JPG.rf.6b9379287f20aef455e88907324b0998_cls0_obj3.jpg'}, {'label': 'RANCHEIRO__RANCHEIRO ROSQUINHA DE CHOCOLATE RANCHEIRO', 'score': 0.6157674789428711, 'path': 'data/datasetv6_crops\\RANCHEIRO\\RANCHEIRO ROSQUINHA DE CHOCOLATE RANCHEIRO\\crop_00106_IMG_0859_JPG.rf.5aa256f34fff06f3eb25948617337682_cls0_obj0.jpg'}, {'label': 'RANCHEIRO__RANCHEIRO ROSQUINHA DE CHOCOLATE RANCHEIRO', 'score': 0.6079211831092834, 'path': 'data/datasetv6_crops\\RANCHEIRO\\RANCHEIRO ROSQUINHA DE CHOCOLATE RANCHEIRO\\crop_00112_IMG_0932_JPG.rf.6b9379287f20aef455e88907324b0998_cls0_obj2.jpg'}, {'label': 'RANCHEIRO__RANCHEIRO ROSQUINHA DE CHOCOLATE RANCHEIRO', 'score': 0.6015177965164185, 'path': 'data/datasetv6_crops\\RANCHEIRO\\RANCHEIRO ROSQUINHA DE CHOCOLATE RANCHEIRO\\crop_00107_IMG_0859_JPG.rf.5aa256f34fff06f3eb25948617337682_cls0_obj1.jpg'}, {'label': 'Adoralle__Adoralle Alimentos Rosquinhas Coco', 'score': 0.5802110433578491, 'path': 'data/datasetv6_crops\\Adoralle\\Adoralle Alimentos Rosquinhas Coco\\train_IMG_0484-REDACTED_jpeg.rf.8ace1d1de4156ba5b78fb0e1d45bc3c8_crop_31.jpg'}]",data\input_images\image_1\crop_0064_conf_0.96.jpg
__Unknown__,True,['low_score'],0.74,0.0,RANCHEIRO__RANCHEIRO ROSQUINHA DE CHOCOLATE RANCHEIRO,0.5956814090410868,Mabel__Mabel Rosquinha Mabel Sabor Chocolate,0.5863818526268005,0.009299556414286259,"[('RANCHEIRO__RANCHEIRO ROSQUINHA DE CHOCOLATE RANCHEIRO', 0.5956814090410868), ('Mabel__Mabel Rosquinha Mabel Sabor Chocolate', 0.5863818526268005)]","[{'label': 'RANCHEIRO__RANCHEIRO ROSQUINHA DE CHOCOLATE RANCHEIRO', 'score': 0.6095525026321411, 'path': 'data/datasetv6_crops\\RANCHEIRO\\RANCHEIRO ROSQUINHA DE CHOCOLATE RANCHEIRO\\crop_00113_IMG_0932_JPG.rf.6b9379287f20aef455e88907324b0998_cls0_obj3.jpg'}, {'label': 'RANCHEIRO__RANCHEIRO ROSQUINHA DE CHOCOLATE RANCHEIRO', 'score': 0.5952134132385254, 'path': 'data/datasetv6_crops\\RANCHEIRO\\RANCHEIRO ROSQUINHA DE CHOCOLATE RANCHEIRO\\crop_00107_IMG_0859_JPG.rf.5aa256f34fff06f3eb25948617337682_cls0_obj1.jpg'}, {'label': 'Mabel__Mabel Rosquinha Mabel Sabor Chocolate', 'score': 0.587374210357666, 'path': 'data/datasetv6_crops\\Mabel\\Mabel Rosquinha Mabel Sabor Chocolate\\train_IMG_20260309_202019379-REDACTED_jpg.rf.9ff6e869b2dae1bbd6112a80fb7952b2_crop_8.jpg'}, {'label': 'Mabel__Mabel Rosquinha Mabel Sabor Chocolate', 'score': 0.5853894948959351, 'path': 'data/datasetv6_crops\\Mabel\\Mabel Rosquinha Mabel Sabor Chocolate\\train_IMG_20260309_202018563-REDACTED_jpg.rf.26b3fce9fb86693550f0eef19a1f2579_crop_8.jpg'}, {'label': 'RANCHEIRO__RANCHEIRO ROSQUINHA DE CHOCOLATE RANCHEIRO', 'score': 0.582278311252594, 'path': 'data/datasetv6_crops\\RANCHEIRO\\RANCHEIRO ROSQUINHA DE CHOCOLATE RANCHEIRO\\train_IMG_2175_jpeg.rf.81e681dc397f791d29fff777b4c254c2_crop_0.jpg'}]",data\input_images\image_1\crop_0065_conf_0.96.jpg
__Unknown__,True,['low_score'],0.69,-0.050000000000000044,Mabel__Mabel Rosquinha Mabel Sabor Chocolate,0.6897117495536804,Adoralle__Adoralle Alimentos Rosquinhas Coco,0.673205296198527,0.01650645335515344,"[('Mabel__Mabel Rosquinha Mabel Sabor Chocolate', 0.6897117495536804), ('Adoralle__Adoralle Alimentos Rosquinhas Coco', 0.673205296198527)]","[{'label': 'Mabel__Mabel Rosquinha Mabel Sabor Chocolate', 'score': 0.6945306062698364, 'path': 'data/datasetv6_crops\\Mabel\\Mabel Rosquinha Mabel Sabor Chocolate\\train_IMG_20260309_202019379-REDACTED_jpg.rf.9ff6e869b2dae1bbd6112a80fb7952b2_crop_8.jpg'}, {'label': 'Mabel__Mabel Rosquinha Mabel Sabor Chocolate', 'score': 0.6848928928375244, 'path': 'data/datasetv6_crops\\Mabel\\Mabel Rosquinha Mabel Sabor Chocolate\\train_IMG_20260309_202018563-REDACTED_jpg.rf.26b3fce9fb86693550f0eef19a1f2579_crop_8.jpg'}, {'label': 'Adoralle__Adoralle Alimentos Rosquinhas Coco', 'score': 0.6787664890289307, 'path': 'data/datasetv6_crops\\Adoralle\\Adoralle Alimentos Rosquinhas Coco\\crop_00180_IMG_20260610_111623939_jpg.rf.3ab52977b4bcdded408dd84594455fd0_cls0_obj24.jpg'}, {'label': 'Adoralle__Adoralle Alimentos Rosquinhas Coco', 'score': 0.6710743308067322, 'path': 'data/datasetv6_crops\\Adoralle\\Adoralle Alimentos Rosquinhas Coco\\train_IMG_0484-REDACTED_jpeg.rf.8ace1d1de4156ba5b78fb0e1d45bc3c8_crop_9.jpg'}, {'label': 'Adoralle__Adoralle Alimentos Rosquinhas Coco', 'score': 0.6697750687599182, 'path': 'data/datasetv6_crops\\Adoralle\\Adoralle Alimentos Rosquinhas Coco\\train_IMG_0484-REDACTED_jpeg.rf.8ace1d1de4156ba5b78fb0e1d45bc3c8_crop_11.jpg'}]",data\input_images\image_1\crop_0066_conf_0.96.jpg
__Unknown__,True,['low_score'],0.74,0.0,RANCHEIRO__RANCHEIRO BISCOITO QUEBRADOR RANC LIMAO,0.5442244410514832,Adoralle__Adoralle Alimentos Rosquinhas Coco,0.5437231659889221,0.0005012750625610352,"[('RANCHEIRO__RANCHEIRO BISCOITO QUEBRADOR RANC LIMAO', 0.5442244410514832), ('Adoralle__Adoralle Alimentos Rosquinhas Coco', 0.5437231659889221)]","[{'label': 'Adoralle__Adoralle Alimentos Rosquinhas Coco', 'score': 0.5480549931526184, 'path': 'data/datasetv6_crops\\Adoralle\\Adoralle Alimentos Rosquinhas Coco\\train_IMG_5212-REDACTED_jpeg.rf.528bb333ace77d145afe8299a10fd074_obj4.jpg'}, {'label': 'RANCHEIRO__RANCHEIRO BISCOITO QUEBRADOR RANC LIMAO', 'score': 0.5442244410514832, 'path': 'data/datasetv6_crops\\RANCHEIRO\\RANCHEIRO BISCOITO QUEBRADOR RANC LIMAO\\crop_00093_FullSizeRender_HEIC.rf.f4160f6f1b6d468225d01489c410b0a2_cls0_obj0.jpg'}, {'label': 'Adoralle__Adoralle Alimentos Rosquinhas Coco', 'score': 0.5437260866165161, 'path': 'data/datasetv6_crops\\Adoralle\\Adoralle Alimentos Rosquinhas Coco\\crop_00177_IMG_20260610_111623939_jpg.rf.3ab52977b4bcdded408dd84594455fd0_cls0_obj21.jpg'}, {'label': 'Adoralle__Adoralle Alimentos Rosquinhas Coco', 'score': 0.5418029427528381, 'path': 'data/datasetv6_crops\\Adoralle\\Adoralle Alimentos Rosquinhas Coco\\crop_00181_IMG_20260610_111623939_jpg.rf.3ab52977b4bcdded408dd84594455fd0_cls0_obj25.jpg'}, {'label': 'Adoralle__Adoralle Alimentos Rosquinhas Coco', 'score': 0.5413086414337158, 'path': 'data/datasetv6_crops\\Adoralle\\Adoralle Alimentos Rosquinhas Coco\\train_IMG_0534-REDACTED_jpeg.rf.140b3850b84cb326577608ba6b531e88_crop_27.jpg'}]",data\input_images\image_1\crop_0067_conf_0.96.jpg
Mabel__Mabel Rosquinha Mabel Sabor Coco,False,[],0.68,-0.05999999999999994,Mabel__Mabel Rosquinha Mabel Sabor Coco,0.8201305866241455,Mabel__Mabel Rosquinha Mabel Sabor Banana e Canela,0.7991093546152115,0.02102123200893402,"[('Mabel__Mabel Rosquinha Mabel Sabor Coco', 0.8201305866241455), ('Mabel__Mabel Rosquinha Mabel Sabor Banana e Canela', 0.7991093546152115)]","[{'label': 'Mabel__Mabel Rosquinha Mabel Sabor Banana e Canela', 'score': 0.8649033308029175, 'path': 'data/datasetv6_crops\\Mabel\\Mabel Rosquinha Mabel Sabor Banana e Canela\\crop_00102_IMG_0831_JPG.rf.4e39ef000705ae9f589973a99b200d45_cls0_obj14.jpg'}, {'label': 'Mabel__Mabel Rosquinha Mabel Sabor Coco', 'score': 0.8201305866241455, 'path': 'data/datasetv6_crops\\Mabel\\Mabel Rosquinha Mabel Sabor Coco\\crop_00089_IMG_0831_JPG.rf.4e39ef000705ae9f589973a99b200d45_cls0_obj1.jpg'}, {'label': 'Mabel__Mabel Rosquinha Mabel Sabor Banana e Canela', 'score': 0.7947173714637756, 'path': 'data/datasetv6_crops\\Mabel\\Mabel Rosquinha Mabel Sabor Banana e Canela\\crop_00101_IMG_0831_JPG.rf.4e39ef000705ae9f589973a99b200d45_cls0_obj13.jpg'}, {'label': 'Mabel__Mabel Rosquinha Mabel Sabor Banana e Canela', 'score': 0.7686892747879028, 'path': 'data/datasetv6_crops\\Mabel\\Mabel Rosquinha Mabel Sabor Banana e Canela\\train_IMG_2111_jpeg.rf.decffa6396f7c4d02f995d0c382f5699_crop_7.jpg'}, {'label': 'Mabel__Mabel Rosquinha Mabel Sabor Banana e Canela', 'score': 0.76812744140625, 'path': 'data/datasetv6_crops\\Mabel\\Mabel Rosquinha Mabel Sabor Banana e Canela\\IMG_20260524_202613625-REDACTED_jpg.rf.220131456c14b080976e65c404359965_crop2.jpg'}]",data\input_images\image_1\crop_0068_conf_0.96.jpg
__Unknown__,True,['low_score'],0.74,0.0,RANCHEIRO__RANCHEIRO ROSQUINHA DE CHOCOLATE RANCHEIRO,0.5582884550094604,,,,"[('RANCHEIRO__RANCHEIRO ROSQUINHA DE CHOCOLATE RANCHEIRO', 0.5582884550094604)]","[{'label': 'RANCHEIRO__RANCHEIRO ROSQUINHA DE CHOCOLATE RANCHEIRO', 'score': 0.570216178894043, 'path': 'data/datasetv6_crops\\RANCHEIRO\\RANCHEIRO ROSQUINHA DE CHOCOLATE RANCHEIRO\\IMG_20260525_211229085-REDACTED_jpg.rf.bafa7e240bc07eefc1b96ff430c7b17c_crop1.jpg'}, {'label': 'RANCHEIRO__RANCHEIRO ROSQUINHA DE CHOCOLATE RANCHEIRO', 'score': 0.5606902837753296, 'path': 'data/datasetv6_crops\\RANCHEIRO\\RANCHEIRO ROSQUINHA DE CHOCOLATE RANCHEIRO\\crop_00118_IMG_0932_JPG.rf.6b9379287f20aef455e88907324b0998_cls0_obj8.jpg'}, {'label': 'RANCHEIRO__RANCHEIRO ROSQUINHA DE CHOCOLATE RANCHEIRO', 'score': 0.5595493316650391, 'path': 'data/datasetv6_crops\\RANCHEIRO\\RANCHEIRO ROSQUINHA DE CHOCOLATE RANCHEIRO\\crop_00113_IMG_0932_JPG.rf.6b9379287f20aef455e88907324b0998_cls0_obj3.jpg'}, {'label': 'RANCHEIRO__RANCHEIRO ROSQUINHA DE CHOCOLATE RANCHEIRO', 'score': 0.5556566715240479, 'path': 'data/datasetv6_crops\\RANCHEIRO\\RANCHEIRO ROSQUINHA DE CHOCOLATE RANCHEIRO\\IMG_20260525_211231735-REDACTED_jpg.rf.11c1604d00785239ec44404c0d5c763e_crop1.jpg'}, {'label': 'RANCHEIRO__RANCHEIRO ROSQUINHA DE CHOCOLATE RANCHEIRO', 'score': 0.5453298091888428, 'path': 'data/datasetv6_crops\\RANCHEIRO\\RANCHEIRO ROSQUINHA DE CHOCOLATE RANCHEIRO\\crop_00107_IMG_0859_JPG.rf.5aa256f34fff06f3eb25948617337682_cls0_obj1.jpg'}]",data\input_images\image_1\crop_0069_conf_0.96.jpg
Mabel__Mabel Amanteigado Mabel Sabor Leite,False,[],0.73,-0.010000000000000009,Mabel__Mabel Amanteigado Mabel Sabor Leite,0.9412371754646301,,,,"[('Mabel__Mabel Amanteigado Mabel Sabor Leite', 0.9412371754646301)]","[{'label': 'Mabel__Mabel Amanteigado Mabel Sabor Leite', 'score': 0.9498452544212341, 'path': 'data/datasetv6_crops\\Mabel\\Mabel Amanteigado Mabel Sabor Leite\\crop_00021_IMG_1182_JPG.rf.55553aac8647edcb0824de15dd2bb435_cls0_obj6.jpg'}, {'label': 'Mabel__Mabel Amanteigado Mabel Sabor Leite', 'score': 0.94566410779953, 'path': 'data/datasetv6_crops\\Mabel\\Mabel Amanteigado Mabel Sabor Leite\\crop_00047_IMG_0909_JPG.rf.382e8cbbf3731434f5c2ef48a97f59eb_cls0_obj13.jpg'}, {'label': 'Mabel__Mabel Amanteigado Mabel Sabor Leite', 'score': 0.9417486786842346, 'path': 'data/datasetv6_crops\\Mabel\\Mabel Amanteigado Mabel Sabor Leite\\crop_00105_IMG_0831_JPG.rf.4e39ef000705ae9f589973a99b200d45_cls0_obj17.jpg'}, {'label': 'Mabel__Mabel Amanteigado Mabel Sabor Leite', 'score': 0.9345537424087524, 'path': 'data/datasetv6_crops\\Mabel\\Mabel Amanteigado Mabel Sabor Leite\\crop_00104_IMG_0831_JPG.rf.4e39ef000705ae9f589973a99b200d45_cls0_obj16.jpg'}, {'label': 'Mabel__Mabel Amanteigado Mabel Sabor Leite', 'score': 0.9343740940093994, 'path': 'data/datasetv6_crops\\Mabel\\Mabel Amanteigado Mabel Sabor Leite\\crop_00067_IMG_0833_JPG.rf.ecee911543cbcf0e827a8f5b11a12ca6_cls0_obj3.jpg'}]",data\input_images\image_1\crop_0070_conf_0.96.jpg
Mabel__Mabel Amanteigado Mabel Sabor Leite,False,[],0.73,-0.010000000000000009,Mabel__Mabel Amanteigado Mabel Sabor Leite,0.9360012531280517,,,,"[('Mabel__Mabel Amanteigado Mabel Sabor Leite', 0.9360012531280517)]","[{'label': 'Mabel__Mabel Amanteigado Mabel Sabor Leite', 'score': 0.9493342041969299, 'path': 'data/datasetv6_crops\\Mabel\\Mabel Amanteigado Mabel Sabor Leite\\crop_00105_IMG_0831_JPG.rf.4e39ef000705ae9f589973a99b200d45_cls0_obj17.jpg'}, {'label': 'Mabel__Mabel Amanteigado Mabel Sabor Leite', 'score': 0.9398857951164246, 'path': 'data/datasetv6_crops\\Mabel\\Mabel Amanteigado Mabel Sabor Leite\\crop_00067_IMG_0833_JPG.rf.ecee911543cbcf0e827a8f5b11a12ca6_cls0_obj3.jpg'}, {'label': 'Mabel__Mabel Amanteigado Mabel Sabor Leite', 'score': 0.9304264783859253, 'path': 'data/datasetv6_crops\\Mabel\\Mabel Amanteigado Mabel Sabor Leite\\crop_00104_IMG_0831_JPG.rf.4e39ef000705ae9f589973a99b200d45_cls0_obj16.jpg'}, {'label': 'Mabel__Mabel Amanteigado Mabel Sabor Leite', 'score': 0.9304101467132568, 'path': 'data/datasetv6_crops\\Mabel\\Mabel Amanteigado Mabel Sabor Leite\\crop_00047_IMG_0909_JPG.rf.382e8cbbf3731434f5c2ef48a97f59eb_cls0_obj13.jpg'}, {'label': 'Mabel__Mabel Amanteigado Mabel Sabor Leite', 'score': 0.9299496412277222, 'path': 'data/datasetv6_crops\\Mabel\\Mabel Amanteigado Mabel Sabor Leite\\crop_00047_IMG_20260610_115255641_jpg.rf.49b35e26cf51aee24f46f834d0a99c66_cls0_obj18.jpg'}]",data\input_images\image_1\crop_0071_conf_0.96.jpg
__Unknown__,True,['low_score'],0.74,0.0,RANCHEIRO__RANCHEIRO ROSQUINHA DE CHOCOLATE RANCHEIRO,0.4791948199272156,RANCHEIRO__RANCHEIRO CREAM CRACKER RANCHEIRO,0.47773998975753784,0.0014548301696777344,"[('RANCHEIRO__RANCHEIRO ROSQUINHA DE CHOCOLATE RANCHEIRO', 0.4791948199272156), ('RANCHEIRO__RANCHEIRO CREAM CRACKER RANCHEIRO', 0.47773998975753784), ('Mabel__Mabel Rosquinha Mabel Sabor Chocolate', 0.4750877022743225)]","[{'label': 'RANCHEIRO__RANCHEIRO CREAM CRACKER RANCHEIRO', 'score': 0.48500317335128784, 'path': 'data/datasetv6_crops\\RANCHEIRO\\RANCHEIRO CREAM CRACKER RANCHEIRO\\train_IMG_20260321_135954802-REDACTED_jpg.rf.7a1d92e3ec40d2193e15cf298a7c322e_crop_170.jpg'}, {'label': 'RANCHEIRO__RANCHEIRO ROSQUINHA DE CHOCOLATE RANCHEIRO', 'score': 0.4792385697364807, 'path': 'data/datasetv6_crops\\RANCHEIRO\\RANCHEIRO ROSQUINHA DE CHOCOLATE RANCHEIRO\\crop_00112_IMG_0932_JPG.rf.6b9379287f20aef455e88907324b0998_cls0_obj2.jpg'}, {'label': 'RANCHEIRO__RANCHEIRO ROSQUINHA DE CHOCOLATE RANCHEIRO', 'score': 0.47915107011795044, 'path': 'data/datasetv6_crops\\RANCHEIRO\\RANCHEIRO ROSQUINHA DE CHOCOLATE RANCHEIRO\\crop_00113_IMG_0932_JPG.rf.6b9379287f20aef455e88907324b0998_cls0_obj3.jpg'}, {'label': 'Mabel__Mabel Rosquinha Mabel Sabor Chocolate', 'score': 0.4750877022743225, 'path': 'data/datasetv6_crops\\Mabel\\Mabel Rosquinha Mabel Sabor Chocolate\\train_38_jpg.rf.9f745a19c9c4c35eb7e25c5b36f69f4e_crop_2.jpg'}, {'label': 'RANCHEIRO__RANCHEIRO CREAM CRACKER RANCHEIRO', 'score': 0.47047680616378784, 'path': 'data/datasetv6_crops\\RANCHEIRO\\RANCHEIRO CREAM CRACKER RANCHEIRO\\train_IMG_20260309_201238866_HDR-REDACTED_jpg.rf.e8cf645234c45a52afdc231ebe9b3cc3_crop_78.jpg'}]",data\input_images\image_1\crop_0072_conf_0.96.jpg
__Unknown__,True,['low_score'],0.74,0.0,Adoralle__Adoralle Alimentos Rosquinhas Coco,0.6862612247467041,,,,"[('Adoralle__Adoralle Alimentos Rosquinhas Coco', 0.6862612247467041)]","[{'label': 'Adoralle__Adoralle Alimentos Rosquinhas Coco', 'score': 0.6916064023971558, 'path': 'data/datasetv6_crops\\Adoralle\\Adoralle Alimentos Rosquinhas Coco\\train_IMG_2109_jpeg.rf.7c604ded539beef01df130d1dcb8223a_crop_37.jpg'}, {'label': 'Adoralle__Adoralle Alimentos Rosquinhas Coco', 'score': 0.6906763911247253, 'path': 'data/datasetv6_crops\\Adoralle\\Adoralle Alimentos Rosquinhas Coco\\train_IMG_0484-REDACTED_jpeg.rf.8ace1d1de4156ba5b78fb0e1d45bc3c8_crop_9.jpg'}, {'label': 'Adoralle__Adoralle Alimentos Rosquinhas Coco', 'score': 0.6876065731048584, 'path': 'data/datasetv6_crops\\Adoralle\\Adoralle Alimentos Rosquinhas Coco\\crop_00174_IMG_20260610_111623939_jpg.rf.3ab52977b4bcdded408dd84594455fd0_cls0_obj18.jpg'}, {'label': 'Adoralle__Adoralle Alimentos Rosquinhas Coco', 'score': 0.6815978288650513, 'path': 'data/datasetv6_crops\\Adoralle\\Adoralle Alimentos Rosquinhas Coco\\train_IMG_0484-REDACTED_jpeg.rf.8ace1d1de4156ba5b78fb0e1d45bc3c8_crop_2.jpg'}, {'label': 'Adoralle__Adoralle Alimentos Rosquinhas Coco', 'score': 0.6798189282417297, 'path': 'data/datasetv6_crops\\Adoralle\\Adoralle Alimentos Rosquinhas Coco\\train_IMG_0484-REDACTED_jpeg.rf.8ace1d1de4156ba5b78fb0e1d45bc3c8_crop_22.jpg'}]",data\input_images\image_1\crop_0073_conf_0.95.jpg
__Unknown__,True,['low_score'],0.74,0.0,Adoralle__Adoralle Alimentos Rosquinhas Coco,0.5910566568374633,,,,"[('Adoralle__Adoralle Alimentos Rosquinhas Coco', 0.5910566568374633)]","[{'label': 'Adoralle__Adoralle Alimentos Rosquinhas Coco', 'score': 0.6060898303985596, 'path': 'data/datasetv6_crops\\Adoralle\\Adoralle Alimentos Rosquinhas Coco\\crop_00176_IMG_20260610_111623939_jpg.rf.3ab52977b4bcdded408dd84594455fd0_cls0_obj20.jpg'}, {'label': 'Adoralle__Adoralle Alimentos Rosquinhas Coco', 'score': 0.5898573994636536, 'path': 'data/datasetv6_crops\\Adoralle\\Adoralle Alimentos Rosquinhas Coco\\train_IMG_0484-REDACTED_jpeg.rf.8ace1d1de4156ba5b78fb0e1d45bc3c8_crop_10.jpg'}, {'label': 'Adoralle__Adoralle Alimentos Rosquinhas Coco', 'score': 0.5881099104881287, 'path': 'data/datasetv6_crops\\Adoralle\\Adoralle Alimentos Rosquinhas Coco\\train_IMG_0534-REDACTED_jpeg.rf.140b3850b84cb326577608ba6b531e88_crop_11.jpg'}, {'label': 'Adoralle__Adoralle Alimentos Rosquinhas Coco', 'score': 0.58797287940979, 'path': 'data/datasetv6_crops\\Adoralle\\Adoralle Alimentos Rosquinhas Coco\\train_IMG_0484-REDACTED_jpeg.rf.8ace1d1de4156ba5b78fb0e1d45bc3c8_crop_22.jpg'}, {'label': 'Adoralle__Adoralle Alimentos Rosquinhas Coco', 'score': 0.5832532644271851, 'path': 'data/datasetv6_crops\\Adoralle\\Adoralle Alimentos Rosquinhas Coco\\crop_00180_IMG_20260610_111623939_jpg.rf.3ab52977b4bcdded408dd84594455fd0_cls0_obj24.jpg'}]",data\input_images\image_1\crop_0074_conf_0.95.jpg
__Unknown__,True,['low_score'],0.74,0.0,Mabel__Mabel Rosquinha Mabel Sabor Leite,0.659550666809082,Adoralle__Adoralle Alimentos Rosquinhas Coco,0.6528745889663696,0.006676077842712402,"[('Mabel__Mabel Rosquinha Mabel Sabor Leite', 0.659550666809082), ('Adoralle__Adoralle Alimentos Rosquinhas Coco', 0.6528745889663696)]","[{'label': 'Adoralle__Adoralle Alimentos Rosquinhas Coco', 'score': 0.6716330051422119, 'path': 'data/datasetv6_crops\\Adoralle\\Adoralle Alimentos Rosquinhas Coco\\train_IMG_0484-REDACTED_jpeg.rf.8ace1d1de4156ba5b78fb0e1d45bc3c8_crop_22.jpg'}, {'label': 'Mabel__Mabel Rosquinha Mabel Sabor Leite', 'score': 0.659550666809082, 'path': 'data/datasetv6_crops\\Mabel\\Mabel Rosquinha Mabel Sabor Leite\\crop_00159_IMG_20260610_111623939_jpg.rf.3ab52977b4bcdded408dd84594455fd0_cls0_obj3.jpg'}, {'label': 'Adoralle__Adoralle Alimentos Rosquinhas Coco', 'score': 0.6488794088363647, 'path': 'data/datasetv6_crops\\Adoralle\\Adoralle Alimentos Rosquinhas Coco\\train_IMG_0484-REDACTED_jpeg.rf.8ace1d1de4156ba5b78fb0e1d45bc3c8_crop_2.jpg'}, {'label': 'Adoralle__Adoralle Alimentos Rosquinhas Coco', 'score': 0.6461976766586304, 'path': 'data/datasetv6_crops\\Adoralle\\Adoralle Alimentos Rosquinhas Coco\\crop_00174_IMG_20260610_111623939_jpg.rf.3ab52977b4bcdded408dd84594455fd0_cls0_obj18.jpg'}, {'label': 'Adoralle__Adoralle Alimentos Rosquinhas Coco', 'score': 0.6447882652282715, 'path': 'data/datasetv6_crops\\Adoralle\\Adoralle Alimentos Rosquinhas Coco\\train_IMG_0484-REDACTED_jpeg.rf.8ace1d1de4156ba5b78fb0e1d45bc3c8_crop_31.jpg'}]",data\input_images\image_1\crop_0075_conf_0.95.jpg
__Unknown__,True,['low_score'],0.74,0.0,Mabel__Mabel Laminado Doce Mabel Sabor Leite,0.6123712062835693,RANCHEIRO__RANCHEIRO COOKIES RANCHEIRO,0.5621291995048523,0.05024200677871704,"[('Mabel__Mabel Laminado Doce Mabel Sabor Leite', 0.6123712062835693), ('RANCHEIRO__RANCHEIRO COOKIES RANCHEIRO', 0.5621291995048523), ('RANCHEIRO__RANCHEIRO ROSQ RECHEADA RANCHEIRO CHOC-COCO', 0.5524188280105591), ('RANCHEIRO__RANCHEIRO ROSQUINHA DE COCO RANCHEIRO', 0.5499784350395203), ('Mabel__Mabel Amanteigado Mabel Sabor Leite', 0.5470364093780518)]","[{'label': 'Mabel__Mabel Laminado Doce Mabel Sabor Leite', 'score': 0.6123712062835693, 'path': 'data/datasetv6_crops\\Mabel\\Mabel Laminado Doce Mabel Sabor Leite\\train_IMG_20260309_193620747-REDACTED_jpg.rf.b6bfa1ab3c0c1e27a834e6f7ebdde5d4_crop_212.jpg'}, {'label': 'RANCHEIRO__RANCHEIRO COOKIES RANCHEIRO', 'score': 0.5621291995048523, 'path': 'data/datasetv6_crops\\RANCHEIRO\\RANCHEIRO COOKIES RANCHEIRO\\train_IMG_20260322_173000-REDACTED_jpg.rf.4f4b9a7f9befd66441f91190f8db7dcc_crop_12.jpg'}, {'label': 'RANCHEIRO__RANCHEIRO ROSQ RECHEADA RANCHEIRO CHOC-COCO', 'score': 0.5524188280105591, 'path': 'data/datasetv6_crops\\RANCHEIRO\\RANCHEIRO ROSQ RECHEADA RANCHEIRO CHOC-COCO\\train_IMG_2043_jpeg.rf.4d6f852a2007da467ef7cdc6c94530eb_crop_50.jpg'}, {'label': 'RANCHEIRO__RANCHEIRO ROSQUINHA DE COCO RANCHEIRO', 'score': 0.5499784350395203, 'path': 'data/datasetv6_crops\\RANCHEIRO\\RANCHEIRO ROSQUINHA DE COCO RANCHEIRO\\train_18_jpg.rf.a99bbd3050d507dc850aba61b1a9a562_crop_0.jpg'}, {'label': 'Mabel__Mabel Amanteigado Mabel Sabor Leite', 'score': 0.5470364093780518, 'path': 'data/datasetv6_crops\\Mabel\\Mabel Amanteigado Mabel Sabor Leite\\crop_00037_IMG_0909_JPG.rf.382e8cbbf3731434f5c2ef48a97f59eb_cls0_obj3.jpg'}]",data\input_images\image_1\crop_0076_conf_0.95.jpg
__Unknown__,True,['low_score'],0.74,0.0,Adoralle__Adoralle Alimentos Rosquinhas Coco,0.5611885190010071,RANCHEIRO__RANCHEIRO BISCOITO MARIA RANCHEIRO,0.5597485303878784,0.0014399886131286621,"[('Adoralle__Adoralle Alimentos Rosquinhas Coco', 0.5611885190010071), ('RANCHEIRO__RANCHEIRO BISCOITO MARIA RANCHEIRO', 0.5597485303878784), ('Mabel__Mabel Rosquinha Mabel Sabor Leite', 0.5587773323059082)]","[{'label': 'Adoralle__Adoralle Alimentos Rosquinhas Coco', 'score': 0.5817582607269287, 'path': 'data/datasetv6_crops\\Adoralle\\Adoralle Alimentos Rosquinhas Coco\\crop_00175_IMG_20260610_111623939_jpg.rf.3ab52977b4bcdded408dd84594455fd0_cls0_obj19.jpg'}, {'label': 'RANCHEIRO__RANCHEIRO BISCOITO MARIA RANCHEIRO', 'score': 0.5597485303878784, 'path': 'data/datasetv6_crops\\RANCHEIRO\\RANCHEIRO BISCOITO MARIA RANCHEIRO\\train_IMG_5230-REDACTED_jpeg.rf.b47a3188210dfd8b7cb65f6510094439_obj3.jpg'}, {'label': 'Mabel__Mabel Rosquinha Mabel Sabor Leite', 'score': 0.5587773323059082, 'path': 'data/datasetv6_crops\\Mabel\\Mabel Rosquinha Mabel Sabor Leite\\train_13_jpg.rf.a412f8fee18a232a01cf3278c2093bfc_crop_20.jpg'}, {'label': 'Adoralle__Adoralle Alimentos Rosquinhas Coco', 'score': 0.5529475808143616, 'path': 'data/datasetv6_crops\\Adoralle\\Adoralle Alimentos Rosquinhas Coco\\crop_00176_IMG_20260610_111623939_jpg.rf.3ab52977b4bcdded408dd84594455fd0_cls0_obj20.jpg'}, {'label': 'Adoralle__Adoralle Alimentos Rosquinhas Coco', 'score': 0.548859715461731, 'path': 'data/datasetv6_crops\\Adoralle\\Adoralle Alimentos Rosquinhas Coco\\train_WhatsApp-Image-2026-03-25-at-00-34-17_jpeg.rf.6ee1f01097c360d3605332562fd5c8ae_crop_8.jpg'}]",data\input_images\image_1\crop_0077_conf_0.95.jpg
__Unknown__,True,['low_score'],0.74,0.0,RANCHEIRO__RANCHEIRO CREAM CRACKER RANCHEIRO,0.5118799149990082,,,,"[('RANCHEIRO__RANCHEIRO CREAM CRACKER RANCHEIRO', 0.5118799149990082)]","[{'label': 'RANCHEIRO__RANCHEIRO CREAM CRACKER RANCHEIRO', 'score': 0.5277477502822876, 'path': 'data/datasetv6_crops\\RANCHEIRO\\RANCHEIRO CREAM CRACKER RANCHEIRO\\train_IMG_20260321_135954802-REDACTED_jpg.rf.7a1d92e3ec40d2193e15cf298a7c322e_crop_170.jpg'}, {'label': 'RANCHEIRO__RANCHEIRO CREAM CRACKER RANCHEIRO', 'score': 0.5248547792434692, 'path': 'data/datasetv6_crops\\RANCHEIRO\\RANCHEIRO CREAM CRACKER RANCHEIRO\\train_IMG_20260309_201238866_HDR-REDACTED_jpg.rf.e8cf645234c45a52afdc231ebe9b3cc3_crop_78.jpg'}, {'label': 'RANCHEIRO__RANCHEIRO CREAM CRACKER RANCHEIRO', 'score': 0.5218464136123657, 'path': 'data/datasetv6_crops\\RANCHEIRO\\RANCHEIRO CREAM CRACKER RANCHEIRO\\train_IMG_2042_jpeg.rf.af772c15bbba19911fb258c5acf4a3d8_crop_34.jpg'}, {'label': 'RANCHEIRO__RANCHEIRO CREAM CRACKER RANCHEIRO', 'score': 0.4935328960418701, 'path': 'data/datasetv6_crops\\RANCHEIRO\\RANCHEIRO CREAM CRACKER RANCHEIRO\\crop_00160_Foto-10-06-2026-14-17-30_jpg.rf.1e5d08c0303b013f4baa217a3a701c84_cls0_obj77.jpg'}, {'label': 'RANCHEIRO__RANCHEIRO CREAM CRACKER RANCHEIRO', 'score': 0.4914177358150482, 'path': 'data/datasetv6_crops\\RANCHEIRO\\RANCHEIRO CREAM CRACKER RANCHEIRO\\train_IMG_20260326_191149-REDACTED_jpg.rf.136e5a3b06b67a7f24b67c176de1d7d7_crop_32.jpg'}]",data\input_images\image_1\crop_0078_conf_0.94.jpg
__Unknown__,True,['low_score'],0.74,0.0,RANCHEIRO__RANCHEIRO ROSQUINHA DE CHOCOLATE RANCHEIRO,0.6025078743696213,Mabel__Mabel Rosquinha Mabel Sabor Chocolate,0.574384868144989,0.028123006224632263,"[('RANCHEIRO__RANCHEIRO ROSQUINHA DE CHOCOLATE RANCHEIRO', 0.6025078743696213), ('Mabel__Mabel Rosquinha Mabel Sabor Chocolate', 0.574384868144989)]","[{'label': 'RANCHEIRO__RANCHEIRO ROSQUINHA DE CHOCOLATE RANCHEIRO', 'score': 0.6266690492630005, 'path': 'data/datasetv6_crops\\RANCHEIRO\\RANCHEIRO ROSQUINHA DE CHOCOLATE RANCHEIRO\\crop_00113_IMG_0932_JPG.rf.6b9379287f20aef455e88907324b0998_cls0_obj3.jpg'}, {'label': 'RANCHEIRO__RANCHEIRO ROSQUINHA DE CHOCOLATE RANCHEIRO', 'score': 0.6127415299415588, 'path': 'data/datasetv6_crops\\RANCHEIRO\\RANCHEIRO ROSQUINHA DE CHOCOLATE RANCHEIRO\\crop_00107_IMG_0859_JPG.rf.5aa256f34fff06f3eb25948617337682_cls0_obj1.jpg'}, {'label': 'RANCHEIRO__RANCHEIRO ROSQUINHA DE CHOCOLATE RANCHEIRO', 'score': 0.5857666730880737, 'path': 'data/datasetv6_crops\\RANCHEIRO\\RANCHEIRO ROSQUINHA DE CHOCOLATE RANCHEIRO\\crop_00112_IMG_0932_JPG.rf.6b9379287f20aef455e88907324b0998_cls0_obj2.jpg'}, {'label': 'RANCHEIRO__RANCHEIRO ROSQUINHA DE CHOCOLATE RANCHEIRO', 'score': 0.584854245185852, 'path': 'data/datasetv6_crops\\RANCHEIRO\\RANCHEIRO ROSQUINHA DE CHOCOLATE RANCHEIRO\\crop_00106_IMG_0859_JPG.rf.5aa256f34fff06f3eb25948617337682_cls0_obj0.jpg'}, {'label': 'Mabel__Mabel Rosquinha Mabel Sabor Chocolate', 'score': 0.574384868144989, 'path': 'data/datasetv6_crops\\Mabel\\Mabel Rosquinha Mabel Sabor Chocolate\\train_IMG_20260321_192348130-REDACTED_jpg.rf.cfec96b4775f8ec642e23276b6850ea8_crop_22.jpg'}]",data\input_images\image_1\crop_0079_conf_0.94.jpg
Mabel__Mabel Rosquinha Mabel Sabor Coco,False,[],0.68,-0.05999999999999994,Mabel__Mabel Rosquinha Mabel Sabor Coco,0.7959064990282059,Adoralle__Adoralle Alimentos Rosquinhas Coco,0.777420163154602,0.01848633587360382,"[('Mabel__Mabel Rosquinha Mabel Sabor Coco', 0.7959064990282059), ('Adoralle__Adoralle Alimentos Rosquinhas Coco', 0.777420163154602)]","[{'label': 'Mabel__Mabel Rosquinha Mabel Sabor Coco', 'score': 0.8253780603408813, 'path': 'data/datasetv6_crops\\Mabel\\Mabel Rosquinha Mabel Sabor Coco\\crop_00026_IMG_20260610_115355437_jpg.rf.74e628d4b1a310cf28354aaf4f6be1dc_cls0_obj26.jpg'}, {'label': 'Mabel__Mabel Rosquinha Mabel Sabor Coco', 'score': 0.7988681793212891, 'path': 'data/datasetv6_crops\\Mabel\\Mabel Rosquinha Mabel Sabor Coco\\crop_00096_IMG_0831_JPG.rf.4e39ef000705ae9f589973a99b200d45_cls0_obj8.jpg'}, {'label': 'Mabel__Mabel Rosquinha Mabel Sabor Coco', 'score': 0.779900848865509, 'path': 'data/datasetv6_crops\\Mabel\\Mabel Rosquinha Mabel Sabor Coco\\crop_00028_IMG_20260610_115355437_jpg.rf.74e628d4b1a310cf28354aaf4f6be1dc_cls0_obj28.jpg'}, {'label': 'Mabel__Mabel Rosquinha Mabel Sabor Coco', 'score': 0.779478907585144, 'path': 'data/datasetv6_crops\\Mabel\\Mabel Rosquinha Mabel Sabor Coco\\train_1_jpg.rf.a16f72e270cb47d97c21936e105f48a1_crop_28.jpg'}, {'label': 'Adoralle__Adoralle Alimentos Rosquinhas Coco', 'score': 0.777420163154602, 'path': 'data/datasetv6_crops\\Adoralle\\Adoralle Alimentos Rosquinhas Coco\\crop_00180_IMG_20260610_111623939_jpg.rf.3ab52977b4bcdded408dd84594455fd0_cls0_obj24.jpg'}]",data\input_images\image_1\crop_0080_conf_0.93.jpg
__Unknown__,True,['low_score'],0.74,0.0,RANCHEIRO__RANCHEIRO ROSQUINHA DE CHOCOLATE RANCHEIRO,0.44292932748794556,RANCHEIRO__RANCHEIRO ROSQUINHA BANANA-CANELA RANCHEIRO,0.440494179725647,0.002435147762298584,"[('RANCHEIRO__RANCHEIRO ROSQUINHA DE CHOCOLATE RANCHEIRO', 0.44292932748794556), ('RANCHEIRO__RANCHEIRO ROSQUINHA BANANA-CANELA RANCHEIRO', 0.440494179725647), ('RANCHEIRO__RANCHEIRO BISCOITO MARIA RANCHEIRO', 0.43315547704696655)]","[{'label': 'RANCHEIRO__RANCHEIRO ROSQUINHA DE CHOCOLATE RANCHEIRO', 'score': 0.45267629623413086, 'path': 'data/datasetv6_crops\\RANCHEIRO\\RANCHEIRO ROSQUINHA DE CHOCOLATE RANCHEIRO\\train_WhatsApp-Image-2026-03-03-at-15-56-06_jpeg.rf.e3b0d3e715d0eacf6350386b31ca6547_crop_23.jpg'}, {'label': 'RANCHEIRO__RANCHEIRO ROSQUINHA BANANA-CANELA RANCHEIRO', 'score': 0.45136553049087524, 'path': 'data/datasetv6_crops\\RANCHEIRO\\RANCHEIRO ROSQUINHA BANANA-CANELA RANCHEIRO\\crop_00028_IMG_9885_HEIC.rf.f076695fc0aaf3dc6a634047cd7fda17_cls0_obj4.jpg'}, {'label': 'RANCHEIRO__RANCHEIRO ROSQUINHA DE CHOCOLATE RANCHEIRO', 'score': 0.43318235874176025, 'path': 'data/datasetv6_crops\\RANCHEIRO\\RANCHEIRO ROSQUINHA DE CHOCOLATE RANCHEIRO\\train_WhatsApp-Image-2026-03-03-at-15-56-06_jpeg.rf.e3b0d3e715d0eacf6350386b31ca6547_crop_34.jpg'}, {'label': 'RANCHEIRO__RANCHEIRO BISCOITO MARIA RANCHEIRO', 'score': 0.43315547704696655, 'path': 'data/datasetv6_crops\\RANCHEIRO\\RANCHEIRO BISCOITO MARIA RANCHEIRO\\train_IMG_2041_jpeg.rf.628b85e6387f043bfff644e4d1915ca9_crop_79.jpg'}, {'label': 'RANCHEIRO__RANCHEIRO ROSQUINHA BANANA-CANELA RANCHEIRO', 'score': 0.4296228289604187, 'path': 'data/datasetv6_crops\\RANCHEIRO\\RANCHEIRO ROSQUINHA BANANA-CANELA RANCHEIRO\\crop_00029_IMG_9885_HEIC.rf.f076695fc0aaf3dc6a634047cd7fda17_cls0_obj5.jpg'}]",data\input_images\image_1\crop_0081_conf_0.92.jpg
__Unknown__,True,['low_score'],0.74,0.0,Mabel__Mabel Rosquinha Mabel Sabor Leite,0.5744563788175583,RANCHEIRO__RANCHEIRO ROSQUINHA DE COCO RANCHEIRO,0.5528335571289062,0.02162282168865204,"[('Mabel__Mabel Rosquinha Mabel Sabor Leite', 0.5744563788175583), ('RANCHEIRO__RANCHEIRO ROSQUINHA DE COCO RANCHEIRO', 0.5528335571289062)]","[{'label': 'Mabel__Mabel Rosquinha Mabel Sabor Leite', 'score': 0.6100997924804688, 'path': 'data/datasetv6_crops\\Mabel\\Mabel Rosquinha Mabel Sabor Leite\\train_13_jpg.rf.a412f8fee18a232a01cf3278c2093bfc_crop_20.jpg'}, {'label': 'Mabel__Mabel Rosquinha Mabel Sabor Leite', 'score': 0.5664278268814087, 'path': 'data/datasetv6_crops\\Mabel\\Mabel Rosquinha Mabel Sabor Leite\\train_IMG_20260321_140015113-REDACTED_jpg.rf.a1588b3680b18473e49093d6dd28ec94_crop_21.jpg'}, {'label': 'Mabel__Mabel Rosquinha Mabel Sabor Leite', 'score': 0.5662538409233093, 'path': 'data/datasetv6_crops\\Mabel\\Mabel Rosquinha Mabel Sabor Leite\\IMG_20260524_202624528-REDACTED_jpg.rf.56991fdc46bd3330035939b4059c8544_crop1.jpg'}, {'label': 'Mabel__Mabel Rosquinha Mabel Sabor Leite', 'score': 0.5550440549850464, 'path': 'data/datasetv6_crops\\Mabel\\Mabel Rosquinha Mabel Sabor Leite\\train_90_jpg.rf.f32ade75a98ac10b7a039213fac59526_crop_9.jpg'}, {'label': 'RANCHEIRO__RANCHEIRO ROSQUINHA DE COCO RANCHEIRO', 'score': 0.5528335571289062, 'path': 'data/datasetv6_crops\\RANCHEIRO\\RANCHEIRO ROSQUINHA DE COCO RANCHEIRO\\train_WhatsApp-Image-2026-03-03-at-15-56-06_jpeg.rf.e3b0d3e715d0eacf6350386b31ca6547_crop_7.jpg'}]",data\input_images\image_1\crop_0082_conf_0.92.jpg
__Unknown__,True,['low_score'],0.74,0.0,RANCHEIRO__RANCHEIRO ROSQUINHA DE CHOCOLATE RANCHEIRO,0.50789675116539,Mabel__Mabel Rosquinha Mabel Sabor Chocolate,0.5011574228604635,0.006739328304926517,"[('RANCHEIRO__RANCHEIRO ROSQUINHA DE CHOCOLATE RANCHEIRO', 0.50789675116539), ('Mabel__Mabel Rosquinha Mabel Sabor Chocolate', 0.5011574228604635)]","[{'label': 'RANCHEIRO__RANCHEIRO ROSQUINHA DE CHOCOLATE RANCHEIRO', 'score': 0.5172058343887329, 'path': 'data/datasetv6_crops\\RANCHEIRO\\RANCHEIRO ROSQUINHA DE CHOCOLATE RANCHEIRO\\crop_00113_IMG_0932_JPG.rf.6b9379287f20aef455e88907324b0998_cls0_obj3.jpg'}, {'label': 'Mabel__Mabel Rosquinha Mabel Sabor Chocolate', 'score': 0.5020980834960938, 'path': 'data/datasetv6_crops\\Mabel\\Mabel Rosquinha Mabel Sabor Chocolate\\train_93_jpg.rf.505ab0407296e9e7e72f0bd3fe8a574b_crop_12.jpg'}, {'label': 'Mabel__Mabel Rosquinha Mabel Sabor Chocolate', 'score': 0.5008465647697449, 'path': 'data/datasetv6_crops\\Mabel\\Mabel Rosquinha Mabel Sabor Chocolate\\train_38_jpg.rf.9f745a19c9c4c35eb7e25c5b36f69f4e_crop_9.jpg'}, {'label': 'Mabel__Mabel Rosquinha Mabel Sabor Chocolate', 'score': 0.5005276203155518, 'path': 'data/datasetv6_crops\\Mabel\\Mabel Rosquinha Mabel Sabor Chocolate\\train_93_jpg.rf.505ab0407296e9e7e72f0bd3fe8a574b_crop_25.jpg'}, {'label': 'RANCHEIRO__RANCHEIRO ROSQUINHA DE CHOCOLATE RANCHEIRO', 'score': 0.4985876679420471, 'path': 'data/datasetv6_crops\\RANCHEIRO\\RANCHEIRO ROSQUINHA DE CHOCOLATE RANCHEIRO\\crop_00107_IMG_0859_JPG.rf.5aa256f34fff06f3eb25948617337682_cls0_obj1.jpg'}]",data\input_images\image_1\crop_0083_conf_0.90.jpg
__Unknown__,True,['low_score'],0.74,0.0,RANCHEIRO__RANCHEIRO ROSQUINHA BANANA-CANELA RANCHEIRO,0.4639888405799866,RANCHEIRO__RANCHEIRO WAFER RANCHEIRO CHOCOLATE,0.4082189202308655,0.055769920349121094,"[('RANCHEIRO__RANCHEIRO ROSQUINHA BANANA-CANELA RANCHEIRO', 0.4639888405799866), ('RANCHEIRO__RANCHEIRO WAFER RANCHEIRO CHOCOLATE', 0.4082189202308655), ('Mabel__Mabel Rosquinha Mabel Sabor Coco', 0.4047884941101074), ('RANCHEIRO__RANCHEIRO WAFER RANCHEIRO BAUNILHA', 0.38279446959495544), ('Mabel__Mabel Amanteigado Mabel Sabor Chocolate', 0.37632548809051514)]","[{'label': 'RANCHEIRO__RANCHEIRO ROSQUINHA BANANA-CANELA RANCHEIRO', 'score': 0.4639888405799866, 'path': 'data/datasetv6_crops\\RANCHEIRO\\RANCHEIRO ROSQUINHA BANANA-CANELA RANCHEIRO\\train_WhatsApp-Image-2026-03-03-at-15-56-50_jpeg.rf.477cb5cd00f89660b697cf21b41235df_crop_8.jpg'}, {'label': 'RANCHEIRO__RANCHEIRO WAFER RANCHEIRO CHOCOLATE', 'score': 0.4082189202308655, 'path': 'data/datasetv6_crops\\RANCHEIRO\\RANCHEIRO WAFER RANCHEIRO CHOCOLATE\\train_IMG_2101_jpeg.rf.67e9e8eb6e8ec85a4b431544c1393676_crop_41.jpg'}, {'label': 'Mabel__Mabel Rosquinha Mabel Sabor Coco', 'score': 0.4047884941101074, 'path': 'data/datasetv6_crops\\Mabel\\Mabel Rosquinha Mabel Sabor Coco\\train_WhatsApp-Image-2026-03-03-at-15-57-34_jpeg.rf.7eede9eef898a28fbb0606b0ae9789a0_crop_42.jpg'}, {'label': 'RANCHEIRO__RANCHEIRO WAFER RANCHEIRO BAUNILHA', 'score': 0.38279446959495544, 'path': 'data/datasetv6_crops\\RANCHEIRO\\RANCHEIRO WAFER RANCHEIRO BAUNILHA\\train_IMG_2097_jpeg.rf.8fbbdc399b56b2798325425363ec2c22_crop_37.jpg'}, {'label': 'Mabel__Mabel Amanteigado Mabel Sabor Chocolate', 'score': 0.37632548809051514, 'path': 'data/datasetv6_crops\\Mabel\\Mabel Amanteigado Mabel Sabor Chocolate\\train_IMG_20260309_202037651-REDACTED_jpg.rf.bab71f11a1dd8fbf4b0adca02df2353f_crop_130.jpg'}]",data\input_images\image_1\crop_0084_conf_0.90.jpg
__Unknown__,True,['low_score'],0.68,-0.05999999999999994,RANCHEIRO__RANCHEIRO BISCOITO MARIA RANCHEIRO,0.6328955292701721,RANCHEIRO__RANCHEIRO ROSQUINHA RECHEADA DE CHOCOLATE RANCHEIRO,0.6196349859237671,0.01326054334640503,"[('RANCHEIRO__RANCHEIRO BISCOITO MARIA RANCHEIRO', 0.6328955292701721), ('RANCHEIRO__RANCHEIRO ROSQUINHA RECHEADA DE CHOCOLATE RANCHEIRO', 0.6196349859237671), ('RANCHEIRO__RANCHEIRO WAFER RANCHEIRO CHOCOLATE', 0.6044457852840424)]","[{'label': 'RANCHEIRO__RANCHEIRO BISCOITO MARIA RANCHEIRO', 'score': 0.6643611192703247, 'path': 'data/datasetv6_crops\\RANCHEIRO\\RANCHEIRO BISCOITO MARIA RANCHEIRO\\train_IMG_2041_jpeg.rf.628b85e6387f043bfff644e4d1915ca9_crop_85.jpg'}, {'label': 'RANCHEIRO__RANCHEIRO ROSQUINHA RECHEADA DE CHOCOLATE RANCHEIRO', 'score': 0.6196349859237671, 'path': 'data/datasetv6_crops\\RANCHEIRO\\RANCHEIRO ROSQUINHA RECHEADA DE CHOCOLATE RANCHEIRO\\train_WhatsApp-Image-2025-12-11-at-13-34-29_jpeg.rf.72d8dfcf8e55d5097862421cd8d32f9a_crop_30.jpg'}, {'label': 'RANCHEIRO__RANCHEIRO WAFER RANCHEIRO CHOCOLATE', 'score': 0.613875687122345, 'path': 'data/datasetv6_crops\\RANCHEIRO\\RANCHEIRO WAFER RANCHEIRO CHOCOLATE\\train_IMG_2065_jpeg.rf.0978fd7370be24c558d9c51af7eaf9cf_crop_0.jpg'}, {'label': 'RANCHEIRO__RANCHEIRO BISCOITO MARIA RANCHEIRO', 'score': 0.6014299392700195, 'path': 'data/datasetv6_crops\\RANCHEIRO\\RANCHEIRO BISCOITO MARIA RANCHEIRO\\valid_WhatsApp-Image-2025-12-11-at-13-33-29_jpeg.rf.1b3b52a7fcc3ebf07e1e84fd80f9819f_crop_49.jpg'}, {'label': 'RANCHEIRO__RANCHEIRO WAFER RANCHEIRO CHOCOLATE', 'score': 0.5950158834457397, 'path': 'data/datasetv6_crops\\RANCHEIRO\\RANCHEIRO WAFER RANCHEIRO CHOCOLATE\\train_IMG_2066_jpeg.rf.81ce27cb5b7e2f1243e7e678c22ea91e_crop_2.jpg'}]",data\input_images\image_1\crop_0085_conf_0.88.jpg
__Unknown__,True,['low_score'],0.74,0.0,RANCHEIRO__RANCHEIRO ROSQUINHA RECHEADA DE MORANGO RANCHEIRO,0.4834635257720947,Mabel__Mabel Amanteigado Mabel Sabor Chocolate,0.47178077697753906,0.011682748794555664,"[('RANCHEIRO__RANCHEIRO ROSQUINHA RECHEADA DE MORANGO RANCHEIRO', 0.4834635257720947), ('Mabel__Mabel Amanteigado Mabel Sabor Chocolate', 0.47178077697753906), ('RANCHEIRO__RANCHEIRO WAFER RANCHEIRO CHOCOLATE', 0.46744298934936523)]","[{'label': 'RANCHEIRO__RANCHEIRO ROSQUINHA RECHEADA DE MORANGO RANCHEIRO', 'score': 0.4834635257720947, 'path': 'data/datasetv6_crops\\RANCHEIRO\\RANCHEIRO ROSQUINHA RECHEADA DE MORANGO RANCHEIRO\\train_IMG_20260322_132225-REDACTED_jpg.rf.fb779725e3b3402cb516b86b3e5f2165_crop_61.jpg'}, {'label': 'Mabel__Mabel Amanteigado Mabel Sabor Chocolate', 'score': 0.4748194217681885, 'path': 'data/datasetv6_crops\\Mabel\\Mabel Amanteigado Mabel Sabor Chocolate\\crop_00036_IMG_20260610_115255641_jpg.rf.49b35e26cf51aee24f46f834d0a99c66_cls0_obj7.jpg'}, {'label': 'RANCHEIRO__RANCHEIRO WAFER RANCHEIRO CHOCOLATE', 'score': 0.4691475033760071, 'path': 'data/datasetv6_crops\\RANCHEIRO\\RANCHEIRO WAFER RANCHEIRO CHOCOLATE\\train_IMG_20260321_184139788-REDACTED_jpg.rf.2468d7b4e359d04de0b252e7bfd160ae_crop_60.jpg'}, {'label': 'Mabel__Mabel Amanteigado Mabel Sabor Chocolate', 'score': 0.46874213218688965, 'path': 'data/datasetv6_crops\\Mabel\\Mabel Amanteigado Mabel Sabor Chocolate\\train_IMG_20260309_202037651-REDACTED_jpg.rf.bab71f11a1dd8fbf4b0adca02df2353f_crop_130.jpg'}, {'label': 'RANCHEIRO__RANCHEIRO WAFER RANCHEIRO CHOCOLATE', 'score': 0.4657384753227234, 'path': 'data/datasetv6_crops\\RANCHEIRO\\RANCHEIRO WAFER RANCHEIRO CHOCOLATE\\train_IMG_20260321_184139788-REDACTED_jpg.rf.2468d7b4e359d04de0b252e7bfd160ae_crop_75.jpg'}]",data\input_images\image_1\crop_0086_conf_0.85.jpg
__Unknown__,True,['low_score'],0.71,-0.030000000000000027,RANCHEIRO__RANCHEIRO WAFER RANCHEIRO CHOCOLATE,0.4746328055858612,,,,"[('RANCHEIRO__RANCHEIRO WAFER RANCHEIRO CHOCOLATE', 0.4746328055858612)]","[{'label': 'RANCHEIRO__RANCHEIRO WAFER RANCHEIRO CHOCOLATE', 'score': 0.5094509124755859, 'path': 'data/datasetv6_crops\\RANCHEIRO\\RANCHEIRO WAFER RANCHEIRO CHOCOLATE\\train_IMG_2066_jpeg.rf.81ce27cb5b7e2f1243e7e678c22ea91e_crop_2.jpg'}, {'label': 'RANCHEIRO__RANCHEIRO WAFER RANCHEIRO CHOCOLATE', 'score': 0.48708558082580566, 'path': 'data/datasetv6_crops\\RANCHEIRO\\RANCHEIRO WAFER RANCHEIRO CHOCOLATE\\train_IMG_2101_jpeg.rf.67e9e8eb6e8ec85a4b431544c1393676_crop_41.jpg'}, {'label': 'RANCHEIRO__RANCHEIRO WAFER RANCHEIRO CHOCOLATE', 'score': 0.4695172905921936, 'path': 'data/datasetv6_crops\\RANCHEIRO\\RANCHEIRO WAFER RANCHEIRO CHOCOLATE\\train_IMG_2067_jpeg.rf.50716e45aaf914ac4a7d1cef744bedb7_crop_0.jpg'}, {'label': 'RANCHEIRO__RANCHEIRO WAFER RANCHEIRO CHOCOLATE', 'score': 0.45450469851493835, 'path': 'data/datasetv6_crops\\RANCHEIRO\\RANCHEIRO WAFER RANCHEIRO CHOCOLATE\\train_IMG_2065_jpeg.rf.0978fd7370be24c558d9c51af7eaf9cf_crop_0.jpg'}, {'label': 'RANCHEIRO__RANCHEIRO WAFER RANCHEIRO CHOCOLATE', 'score': 0.45260554552078247, 'path': 'data/datasetv6_crops\\RANCHEIRO\\RANCHEIRO WAFER RANCHEIRO CHOCOLATE\\train_IMG_20260321_184139788-REDACTED_jpg.rf.2468d7b4e359d04de0b252e7bfd160ae_crop_60.jpg'}]",data\input_images\image_1\crop_0087_conf_0.84.jpg
__Unknown__,True,['low_score'],0.74,0.0,RANCHEIRO__RANCHEIRO ROSQUINHA RECHEADA DE MORANGO RANCHEIRO,0.49194633960723877,RANCHEIRO__RANCHEIRO ROSQUINHA RECHEADA DE CHOCOLATE RANCHEIRO,0.4840207099914551,0.007925629615783691,"[('RANCHEIRO__RANCHEIRO ROSQUINHA RECHEADA DE MORANGO RANCHEIRO', 0.49194633960723877), ('RANCHEIRO__RANCHEIRO ROSQUINHA RECHEADA DE CHOCOLATE RANCHEIRO', 0.4840207099914551), ('RANCHEIRO__RANCHEIRO WAFER RANCHEIRO CHOCOLATE', 0.47284112373987836)]","[{'label': 'RANCHEIRO__RANCHEIRO ROSQUINHA RECHEADA DE MORANGO RANCHEIRO', 'score': 0.49194633960723877, 'path': 'data/datasetv6_crops\\RANCHEIRO\\RANCHEIRO ROSQUINHA RECHEADA DE MORANGO RANCHEIRO\\train_IMG_20260322_132225-REDACTED_jpg.rf.fb779725e3b3402cb516b86b3e5f2165_crop_61.jpg'}, {'label': 'RANCHEIRO__RANCHEIRO WAFER RANCHEIRO CHOCOLATE', 'score': 0.48606032133102417, 'path': 'data/datasetv6_crops\\RANCHEIRO\\RANCHEIRO WAFER RANCHEIRO CHOCOLATE\\train_IMG_20260321_185329867-REDACTED_jpg.rf.ca193b9c16f034efa57b93003d3b1807_crop_70.jpg'}, {'label': 'RANCHEIRO__RANCHEIRO ROSQUINHA RECHEADA DE CHOCOLATE RANCHEIRO', 'score': 0.4840207099914551, 'path': 'data/datasetv6_crops\\RANCHEIRO\\RANCHEIRO ROSQUINHA RECHEADA DE CHOCOLATE RANCHEIRO\\train_IMG_0437-REDACTED_jpeg.rf.391933602249841cca250658a5dbb30b_crop_65.jpg'}, {'label': 'RANCHEIRO__RANCHEIRO WAFER RANCHEIRO CHOCOLATE', 'score': 0.46844661235809326, 'path': 'data/datasetv6_crops\\RANCHEIRO\\RANCHEIRO WAFER RANCHEIRO CHOCOLATE\\train_IMG_5230-REDACTED_jpeg.rf.b47a3188210dfd8b7cb65f6510094439_obj4.jpg'}, {'label': 'RANCHEIRO__RANCHEIRO WAFER RANCHEIRO CHOCOLATE', 'score': 0.4640164375305176, 'path': 'data/datasetv6_crops\\RANCHEIRO\\RANCHEIRO WAFER RANCHEIRO CHOCOLATE\\train_IMG_2067_jpeg.rf.50716e45aaf914ac4a7d1cef744bedb7_crop_0.jpg'}]",data\input_images\image_1\crop_0088_conf_0.75.jpg
__Unknown__,True,['low_score'],0.74,0.0,RANCHEIRO__RANCHEIRO ROSQUINHA RECHEADA DE MORANGO-CARAMELO RANCHEIRO,0.4516652524471283,RANCHEIRO__RANCHEIRO ROSQUINHA DE CHOCOLATE RANCHEIRO,0.441076397895813,0.010588854551315308,"[('RANCHEIRO__RANCHEIRO ROSQUINHA RECHEADA DE MORANGO-CARAMELO RANCHEIRO', 0.4516652524471283), ('RANCHEIRO__RANCHEIRO ROSQUINHA DE CHOCOLATE RANCHEIRO', 0.441076397895813), ('RANCHEIRO__RANCHEIRO CREAM CRACKER RANCHEIRO', 0.4218481332063675)]","[{'label': 'RANCHEIRO__RANCHEIRO ROSQUINHA DE CHOCOLATE RANCHEIRO', 'score': 0.47324439883232117, 'path': 'data/datasetv6_crops\\RANCHEIRO\\RANCHEIRO ROSQUINHA DE CHOCOLATE RANCHEIRO\\train_WhatsApp-Image-2026-03-03-at-15-56-50_jpeg.rf.477cb5cd00f89660b697cf21b41235df_crop_3.jpg'}, {'label': 'RANCHEIRO__RANCHEIRO ROSQUINHA RECHEADA DE MORANGO-CARAMELO RANCHEIRO', 'score': 0.4516652524471283, 'path': 'data/datasetv6_crops\\RANCHEIRO\\RANCHEIRO ROSQUINHA RECHEADA DE MORANGO-CARAMELO RANCHEIRO\\train_IMG_0437-REDACTED_jpeg.rf.391933602249841cca250658a5dbb30b_crop_20.jpg'}, {'label': 'RANCHEIRO__RANCHEIRO CREAM CRACKER RANCHEIRO', 'score': 0.4249092936515808, 'path': 'data/datasetv6_crops\\RANCHEIRO\\RANCHEIRO CREAM CRACKER RANCHEIRO\\train_IMG_2042_jpeg.rf.af772c15bbba19911fb258c5acf4a3d8_crop_34.jpg'}, {'label': 'RANCHEIRO__RANCHEIRO CREAM CRACKER RANCHEIRO', 'score': 0.4187869727611542, 'path': 'data/datasetv6_crops\\RANCHEIRO\\RANCHEIRO CREAM CRACKER RANCHEIRO\\train_IMG_20260309_201238866_HDR-REDACTED_jpg.rf.e8cf645234c45a52afdc231ebe9b3cc3_crop_78.jpg'}, {'label': 'RANCHEIRO__RANCHEIRO ROSQUINHA DE CHOCOLATE RANCHEIRO', 'score': 0.4089083969593048, 'path': 'data/datasetv6_crops\\RANCHEIRO\\RANCHEIRO ROSQUINHA DE CHOCOLATE RANCHEIRO\\crop_00113_IMG_0932_JPG.rf.6b9379287f20aef455e88907324b0998_cls0_obj3.jpg'}]",data\input_images\image_1\crop_0089_conf_0.60.jpg
__Unknown__,True,['low_score'],0.74,0.0,RANCHEIRO__RANCHEIRO ROSQUINHA DE CHOCOLATE RANCHEIRO,0.40330952405929565,RANCHEIRO__RANCHEIRO CREAM CRACKER RANCHEIRO,0.3608116954565048,0.04249782860279083,"[('RANCHEIRO__RANCHEIRO ROSQUINHA DE CHOCOLATE RANCHEIRO', 0.40330952405929565), ('RANCHEIRO__RANCHEIRO CREAM CRACKER RANCHEIRO', 0.3608116954565048), ('RANCHEIRO__RANCHEIRO ROSQUINHA RECHEADA DE MORANGO-CARAMELO RANCHEIRO', 0.345217227935791), ('RANCHEIRO__RANCHEIRO ROSQUINHA DE COCO RANCHEIRO', 0.3124779462814331)]","[{'label': 'RANCHEIRO__RANCHEIRO ROSQUINHA DE CHOCOLATE RANCHEIRO', 'score': 0.40330952405929565, 'path': 'data/datasetv6_crops\\RANCHEIRO\\RANCHEIRO ROSQUINHA DE CHOCOLATE RANCHEIRO\\train_WhatsApp-Image-2026-03-03-at-15-56-50_jpeg.rf.477cb5cd00f89660b697cf21b41235df_crop_10.jpg'}, {'label': 'RANCHEIRO__RANCHEIRO CREAM CRACKER RANCHEIRO', 'score': 0.3805903196334839, 'path': 'data/datasetv6_crops\\RANCHEIRO\\RANCHEIRO CREAM CRACKER RANCHEIRO\\train_IMG_20260309_201238866_HDR-REDACTED_jpg.rf.e8cf645234c45a52afdc231ebe9b3cc3_crop_78.jpg'}, {'label': 'RANCHEIRO__RANCHEIRO ROSQUINHA RECHEADA DE MORANGO-CARAMELO RANCHEIRO', 'score': 0.345217227935791, 'path': 'data/datasetv6_crops\\RANCHEIRO\\RANCHEIRO ROSQUINHA RECHEADA DE MORANGO-CARAMELO RANCHEIRO\\train_IMG_0437-REDACTED_jpeg.rf.391933602249841cca250658a5dbb30b_crop_18.jpg'}, {'label': 'RANCHEIRO__RANCHEIRO CREAM CRACKER RANCHEIRO', 'score': 0.34103307127952576, 'path': 'data/datasetv6_crops\\RANCHEIRO\\RANCHEIRO CREAM CRACKER RANCHEIRO\\train_IMG_20260326_191149-REDACTED_jpg.rf.136e5a3b06b67a7f24b67c176de1d7d7_crop_32.jpg'}, {'label': 'RANCHEIRO__RANCHEIRO ROSQUINHA DE COCO RANCHEIRO', 'score': 0.3124779462814331, 'path': 'data/datasetv6_crops\\RANCHEIRO\\RANCHEIRO ROSQUINHA DE COCO RANCHEIRO\\train_WhatsApp-Image-2026-03-03-at-15-56-50_jpeg.rf.477cb5cd00f89660b697cf21b41235df_crop_20.jpg'}]",data\input_images\image_1\crop_0090_conf_0.52.jpg
__Unknown__,True,['low_score'],0.74,0.0,RANCHEIRO__RANCHEIRO ROSQUINHA DE CHOCOLATE RANCHEIRO,0.48772983253002167,RANCHEIRO__RANCHEIRO ROSQUINHA DE COCO RANCHEIRO,0.4505789875984192,0.03715084493160248,"[('RANCHEIRO__RANCHEIRO ROSQUINHA DE CHOCOLATE RANCHEIRO', 0.48772983253002167), ('RANCHEIRO__RANCHEIRO ROSQUINHA DE COCO RANCHEIRO', 0.4505789875984192), ('RANCHEIRO__RANCHEIRO BISCOITO MARIA RANCHEIRO', 0.3905436396598816), ('RANCHEIRO__RANCHEIRO WAFER RANCHEIRO BAUNILHA', 0.36092042922973633)]","[{'label': 'RANCHEIRO__RANCHEIRO ROSQUINHA DE CHOCOLATE RANCHEIRO', 'score': 0.5760074853897095, 'path': 'data/datasetv6_crops\\RANCHEIRO\\RANCHEIRO ROSQUINHA DE CHOCOLATE RANCHEIRO\\train_WhatsApp-Image-2026-03-03-at-15-56-50_jpeg.rf.477cb5cd00f89660b697cf21b41235df_crop_10.jpg'}, {'label': 'RANCHEIRO__RANCHEIRO ROSQUINHA DE COCO RANCHEIRO', 'score': 0.4505789875984192, 'path': 'data/datasetv6_crops\\RANCHEIRO\\RANCHEIRO ROSQUINHA DE COCO RANCHEIRO\\train_WhatsApp-Image-2026-03-03-at-15-56-50_jpeg.rf.477cb5cd00f89660b697cf21b41235df_crop_20.jpg'}, {'label': 'RANCHEIRO__RANCHEIRO ROSQUINHA DE CHOCOLATE RANCHEIRO', 'score': 0.39945217967033386, 'path': 'data/datasetv6_crops\\RANCHEIRO\\RANCHEIRO ROSQUINHA DE CHOCOLATE RANCHEIRO\\train_WhatsApp-Image-2026-03-03-at-15-56-50_jpeg.rf.477cb5cd00f89660b697cf21b41235df_crop_3.jpg'}, {'label': 'RANCHEIRO__RANCHEIRO BISCOITO MARIA RANCHEIRO', 'score': 0.3905436396598816, 'path': 'data/datasetv6_crops\\RANCHEIRO\\RANCHEIRO BISCOITO MARIA RANCHEIRO\\valid_WhatsApp-Image-2025-12-11-at-13-33-29_jpeg.rf.1b3b52a7fcc3ebf07e1e84fd80f9819f_crop_75.jpg'}, {'label': 'RANCHEIRO__RANCHEIRO WAFER RANCHEIRO BAUNILHA', 'score': 0.36092042922973633, 'path': 'data/datasetv6_crops\\RANCHEIRO\\RANCHEIRO WAFER RANCHEIRO BAUNILHA\\train_IMG_20260321_185329867-REDACTED_jpg.rf.ca193b9c16f034efa57b93003d3b1807_crop_73.jpg'}]",data\input_images\image_1\crop_0091_conf_0.33.jpg
